date,product_id,sales_quantity
2022-01-31,1,1699
2022-01-31,2,1580
2022-01-31,3,1653
2022-01-31,4,1446
2022-01-31,5,1649
2022-01-31,6,1429
2022-01-31,7,1314
2022-01-31,8,1567
2022-01-31,9,1528
2022-01-31,10,1610
2022-01-31,11,1359
2022-01-31,12,1673
2022-01-31,13,1320
2022-01-31,14,1447
2022-01-31,15,1679
2022-01-31,16,1548
2022-01-31,17,1733
2022-01-31,18,1439
2022-01-31,19,1538
2022-01-31,20,1413
2022-01-31,21,1507
2022-01-31,22,1645
2022-01-31,23,1569
2022-01-31,24,1845
2022-01-31,25,1661
2022-01-31,26,1430
2022-01-31,27,1734
2022-01-31,28,1327
2022-01-31,29,1476
2022-01-31,30,1573
2022-01-31,31,1685
2022-01-31,32,1526
2022-01-31,33,1487
2022-01-31,34,1572
2022-01-31,35,1468
2022-01-31,36,1658
2022-01-31,37,1475
2022-01-31,38,1714
2022-01-31,39,1615
2022-01-31,40,1503
2022-01-31,41,1607
2022-01-31,42,1496
2022-01-31,43,1625
2022-01-31,44,1563
2022-01-31,45,1510
2022-01-31,46,1520
2022-01-31,47,1569
2022-01-31,48,1483
2022-01-31,49,1615
2022-01-31,50,1431
2022-01-31,51,1451
2022-01-31,52,1434
2022-01-31,53,1677
2022-01-31,54,1520
2022-01-31,55,1661
2022-01-31,56,1595
2022-01-31,57,1479
2022-01-31,58,1456
2022-01-31,59,1613
2022-01-31,60,1561
2022-01-31,61,1618
2022-01-31,62,1358
2022-01-31,63,1251
2022-01-31,64,1295
2022-01-31,65,1627
2022-01-31,66,1602
2022-01-31,67,1569
2022-01-31,68,1553
2022-01-31,69,1453
2022-01-31,70,1590
2022-01-31,71,1761
2022-01-31,72,1452
2022-01-31,73,1439
2022-01-31,74,1625
2022-01-31,75,1572
2022-01-31,76,1629
2022-01-31,77,1668
2022-01-31,78,1641
2022-01-31,79,1648
2022-01-31,80,1411
2022-01-31,81,1618
2022-01-31,82,1534
2022-01-31,83,1420
2022-01-31,84,1554
2022-01-31,85,1542
2022-01-31,86,1477
2022-01-31,87,1478
2022-01-31,88,1624
2022-01-31,89,1708
2022-01-31,90,1385
2022-01-31,91,1595
2022-01-31,92,1412
2022-01-31,93,1553
2022-01-31,94,1669
2022-01-31,95,1702
2022-01-31,96,1358
2022-01-31,97,1452
2022-01-31,98,1621
2022-01-31,99,1413
2022-01-31,100,1496
2022-02-28,1,1354
2022-02-28,2,1479
2022-02-28,3,1606
2022-02-28,4,1562
2022-02-28,5,1317
2022-02-28,6,1448
2022-02-28,7,1448
2022-02-28,8,1433
2022-02-28,9,1481
2022-02-28,10,1305
2022-02-28,11,1603
2022-02-28,12,1454
2022-02-28,13,1243
2022-02-28,14,1348
2022-02-28,15,1277
2022-02-28,16,1407
2022-02-28,17,1528
2022-02-28,18,1496
2022-02-28,19,1366
2022-02-28,20,1365
2022-02-28,21,1502
2022-02-28,22,1272
2022-02-28,23,1452
2022-02-28,24,1257
2022-02-28,25,1414
2022-02-28,26,1414
2022-02-28,27,1258
2022-02-28,28,1255
2022-02-28,29,1483
2022-02-28,30,1477
2022-02-28,31,1399
2022-02-28,32,1258
2022-02-28,33,1435
2022-02-28,34,1654
2022-02-28,35,1464
2022-02-28,36,1351
2022-02-28,37,1464
2022-02-28,38,1502
2022-02-28,39,1169
2022-02-28,40,1577
2022-02-28,41,1250
2022-02-28,42,1502
2022-02-28,43,1497
2022-02-28,44,1527
2022-02-28,45,1327
2022-02-28,46,1344
2022-02-28,47,1315
2022-02-28,48,1434
2022-02-28,49,1355
2022-02-28,50,1544
2022-02-28,51,1296
2022-02-28,52,1518
2022-02-28,53,1280
2022-02-28,54,1399
2022-02-28,55,1378
2022-02-28,56,1356
2022-02-28,57,1326
2022-02-28,58,1345
2022-02-28,59,1289
2022-02-28,60,1448
2022-02-28,61,1407
2022-02-28,62,1466
2022-02-28,63,1330
2022-02-28,64,1492
2022-02-28,65,1375
2022-02-28,66,1388
2022-02-28,67,1279
2022-02-28,68,1373
2022-02-28,69,1521
2022-02-28,70,1247
2022-02-28,71,1342
2022-02-28,72,1353
2022-02-28,73,1276
2022-02-28,74,1444
2022-02-28,75,1378
2022-02-28,76,1482
2022-02-28,77,1423
2022-02-28,78,1365
2022-02-28,79,1121
2022-02-28,80,1565
2022-02-28,81,1331
2022-02-28,82,1400
2022-02-28,83,1391
2022-02-28,84,1345
2022-02-28,85,1352
2022-02-28,86,1295
2022-02-28,87,1360
2022-02-28,88,1490
2022-02-28,89,1528
2022-02-28,90,1468
2022-02-28,91,1484
2022-02-28,92,1359
2022-02-28,93,1551
2022-02-28,94,1467
2022-02-28,95,1443
2022-02-28,96,1286
2022-02-28,97,1335
2022-02-28,98,1301
2022-02-28,99,1320
2022-02-28,100,1408
2022-03-31,1,1503
2022-03-31,2,1564
2022-03-31,3,1641
2022-03-31,4,1275
2022-03-31,5,1375
2022-03-31,6,1444
2022-03-31,7,1705
2022-03-31,8,1510
2022-03-31,9,1397
2022-03-31,10,1540
2022-03-31,11,1577
2022-03-31,12,1537
2022-03-31,13,1651
2022-03-31,14,1405
2022-03-31,15,1408
2022-03-31,16,1695
2022-03-31,17,1527
2022-03-31,18,1415
2022-03-31,19,1645
2022-03-31,20,1481
2022-03-31,21,1442
2022-03-31,22,1553
2022-03-31,23,1402
2022-03-31,24,1499
2022-03-31,25,1398
2022-03-31,26,1404
2022-03-31,27,1475
2022-03-31,28,1598
2022-03-31,29,1591
2022-03-31,30,1470
2022-03-31,31,1553
2022-03-31,32,1417
2022-03-31,33,1539
2022-03-31,34,1556
2022-03-31,35,1463
2022-03-31,36,1459
2022-03-31,37,1590
2022-03-31,38,1603
2022-03-31,39,1560
2022-03-31,40,1721
2022-03-31,41,1452
2022-03-31,42,1477
2022-03-31,43,1601
2022-03-31,44,1744
2022-03-31,45,1441
2022-03-31,46,1555
2022-03-31,47,1553
2022-03-31,48,1603
2022-03-31,49,1583
2022-03-31,50,1483
2022-03-31,51,1616
2022-03-31,52,1555
2022-03-31,53,1505
2022-03-31,54,1706
2022-03-31,55,1585
2022-03-31,56,1673
2022-03-31,57,1738
2022-03-31,58,1302
2022-03-31,59,1511
2022-03-31,60,1743
2022-03-31,61,1485
2022-03-31,62,1617
2022-03-31,63,1667
2022-03-31,64,1461
2022-03-31,65,1729
2022-03-31,66,1395
2022-03-31,67,1361
2022-03-31,68,1499
2022-03-31,69,1482
2022-03-31,70,1575
2022-03-31,71,1491
2022-03-31,72,1475
2022-03-31,73,1693
2022-03-31,74,1552
2022-03-31,75,1563
2022-03-31,76,1400
2022-03-31,77,1649
2022-03-31,78,1635
2022-03-31,79,1560
2022-03-31,80,1705
2022-03-31,81,1654
2022-03-31,82,1592
2022-03-31,83,1504
2022-03-31,84,1457
2022-03-31,85,1567
2022-03-31,86,1548
2022-03-31,87,1600
2022-03-31,88,1466
2022-03-31,89,1500
2022-03-31,90,1563
2022-03-31,91,1580
2022-03-31,92,1746
2022-03-31,93,1517
2022-03-31,94,1368
2022-03-31,95,1580
2022-03-31,96,1388
2022-03-31,97,1495
2022-03-31,98,1519
2022-03-31,99,1630
2022-03-31,100,1483
2022-04-30,1,1298
2022-04-30,2,1448
2022-04-30,3,1544
2022-04-30,4,1495
2022-04-30,5,1529
2022-04-30,6,1305
2022-04-30,7,1462
2022-04-30,8,1416
2022-04-30,9,1678
2022-04-30,10,1690
2022-04-30,11,1539
2022-04-30,12,1558
2022-04-30,13,1594
2022-04-30,14,1461
2022-04-30,15,1510
2022-04-30,16,1290
2022-04-30,17,1356
2022-04-30,18,1446
2022-04-30,19,1399
2022-04-30,20,1441
2022-04-30,21,1521
2022-04-30,22,1636
2022-04-30,23,1678
2022-04-30,24,1392
2022-04-30,25,1530
2022-04-30,26,1367
2022-04-30,27,1380
2022-04-30,28,1331
2022-04-30,29,1474
2022-04-30,30,1441
2022-04-30,31,1446
2022-04-30,32,1406
2022-04-30,33,1397
2022-04-30,34,1409
2022-04-30,35,1495
2022-04-30,36,1392
2022-04-30,37,1494
2022-04-30,38,1413
2022-04-30,39,1494
2022-04-30,40,1402
2022-04-30,41,1444
2022-04-30,42,1447
2022-04-30,43,1355
2022-04-30,44,1341
2022-04-30,45,1382
2022-04-30,46,1389
2022-04-30,47,1455
2022-04-30,48,1407
2022-04-30,49,1477
2022-04-30,50,1428
2022-04-30,51,1294
2022-04-30,52,1569
2022-04-30,53,1561
2022-04-30,54,1642
2022-04-30,55,1331
2022-04-30,56,1468
2022-04-30,57,1451
2022-04-30,58,1427
2022-04-30,59,1633
2022-04-30,60,1437
2022-04-30,61,1332
2022-04-30,62,1402
2022-04-30,63,1324
2022-04-30,64,1345
2022-04-30,65,1310
2022-04-30,66,1580
2022-04-30,67,1414
2022-04-30,68,1544
2022-04-30,69,1449
2022-04-30,70,1325
2022-04-30,71,1528
2022-04-30,72,1410
2022-04-30,73,1429
2022-04-30,74,1749
2022-04-30,75,1502
2022-04-30,76,1515
2022-04-30,77,1327
2022-04-30,78,1422
2022-04-30,79,1418
2022-04-30,80,1444
2022-04-30,81,1459
2022-04-30,82,1538
2022-04-30,83,1614
2022-04-30,84,1530
2022-04-30,85,1458
2022-04-30,86,1592
2022-04-30,87,1253
2022-04-30,88,1470
2022-04-30,89,1454
2022-04-30,90,1275
2022-04-30,91,1648
2022-04-30,92,1246
2022-04-30,93,1435
2022-04-30,94,1649
2022-04-30,95,1535
2022-04-30,96,1567
2022-04-30,97,1584
2022-04-30,98,1438
2022-04-30,99,1476
2022-04-30,100,1339
2022-05-31,1,1483
2022-05-31,2,1473
2022-05-31,3,1501
2022-05-31,4,1598
2022-05-31,5,1616
2022-05-31,6,1454
2022-05-31,7,1521
2022-05-31,8,1665
2022-05-31,9,1716
2022-05-31,10,1675
2022-05-31,11,1548
2022-05-31,12,1550
2022-05-31,13,1420
2022-05-31,14,1615
2022-05-31,15,1296
2022-05-31,16,1644
2022-05-31,17,1620
2022-05-31,18,1455
2022-05-31,19,1515
2022-05-31,20,1617
2022-05-31,21,1413
2022-05-31,22,1484
2022-05-31,23,1520
2022-05-31,24,1647
2022-05-31,25,1402
2022-05-31,26,1493
2022-05-31,27,1610
2022-05-31,28,1667
2022-05-31,29,1456
2022-05-31,30,1547
2022-05-31,31,1454
2022-05-31,32,1485
2022-05-31,33,1686
2022-05-31,34,1627
2022-05-31,35,1592
2022-05-31,36,1524
2022-05-31,37,1798
2022-05-31,38,1345
2022-05-31,39,1234
2022-05-31,40,1371
2022-05-31,41,1420
2022-05-31,42,1740
2022-05-31,43,1717
2022-05-31,44,1574
2022-05-31,45,1635
2022-05-31,46,1531
2022-05-31,47,1406
2022-05-31,48,1634
2022-05-31,49,1723
2022-05-31,50,1403
2022-05-31,51,1613
2022-05-31,52,1505
2022-05-31,53,1526
2022-05-31,54,1680
2022-05-31,55,1609
2022-05-31,56,1667
2022-05-31,57,1723
2022-05-31,58,1587
2022-05-31,59,1638
2022-05-31,60,1412
2022-05-31,61,1647
2022-05-31,62,1632
2022-05-31,63,1483
2022-05-31,64,1514
2022-05-31,65,1556
2022-05-31,66,1683
2022-05-31,67,1777
2022-05-31,68,1573
2022-05-31,69,1388
2022-05-31,70,1658
2022-05-31,71,1553
2022-05-31,72,1490
2022-05-31,73,1527
2022-05-31,74,1598
2022-05-31,75,1571
2022-05-31,76,1473
2022-05-31,77,1599
2022-05-31,78,1405
2022-05-31,79,1467
2022-05-31,80,1605
2022-05-31,81,1331
2022-05-31,82,1445
2022-05-31,83,1669
2022-05-31,84,1564
2022-05-31,85,1332
2022-05-31,86,1450
2022-05-31,87,1597
2022-05-31,88,1408
2022-05-31,89,1568
2022-05-31,90,1731
2022-05-31,91,1723
2022-05-31,92,1669
2022-05-31,93,1516
2022-05-31,94,1509
2022-05-31,95,1551
2022-05-31,96,1490
2022-05-31,97,1453
2022-05-31,98,1658
2022-05-31,99,1646
2022-05-31,100,1464
2022-06-30,1,1536
2022-06-30,2,1442
2022-06-30,3,1342
2022-06-30,4,1385
2022-06-30,5,1360
2022-06-30,6,1376
2022-06-30,7,1478
2022-06-30,8,1651
2022-06-30,9,1471
2022-06-30,10,1374
2022-06-30,11,1397
2022-06-30,12,1419
2022-06-30,13,1526
2022-06-30,14,1406
2022-06-30,15,1496
2022-06-30,16,1539
2022-06-30,17,1346
2022-06-30,18,1376
2022-06-30,19,1353
2022-06-30,20,1238
2022-06-30,21,1716
2022-06-30,22,1582
2022-06-30,23,1590
2022-06-30,24,1483
2022-06-30,25,1344
2022-06-30,26,1457
2022-06-30,27,1564
2022-06-30,28,1471
2022-06-30,29,1540
2022-06-30,30,1395
2022-06-30,31,1434
2022-06-30,32,1516
2022-06-30,33,1578
2022-06-30,34,1763
2022-06-30,35,1443
2022-06-30,36,1360
2022-06-30,37,1585
2022-06-30,38,1521
2022-06-30,39,1544
2022-06-30,40,1514
2022-06-30,41,1564
2022-06-30,42,1374
2022-06-30,43,1491
2022-06-30,44,1240
2022-06-30,45,1395
2022-06-30,46,1439
2022-06-30,47,1732
2022-06-30,48,1541
2022-06-30,49,1433
2022-06-30,50,1508
2022-06-30,51,1475
2022-06-30,52,1516
2022-06-30,53,1631
2022-06-30,54,1500
2022-06-30,55,1522
2022-06-30,56,1370
2022-06-30,57,1617
2022-06-30,58,1579
2022-06-30,59,1457
2022-06-30,60,1521
2022-06-30,61,1416
2022-06-30,62,1354
2022-06-30,63,1301
2022-06-30,64,1500
2022-06-30,65,1384
2022-06-30,66,1566
2022-06-30,67,1539
2022-06-30,68,1687
2022-06-30,69,1307
2022-06-30,70,1585
2022-06-30,71,1441
2022-06-30,72,1510
2022-06-30,73,1606
2022-06-30,74,1316
2022-06-30,75,1502
2022-06-30,76,1623
2022-06-30,77,1695
2022-06-30,78,1455
2022-06-30,79,1393
2022-06-30,80,1541
2022-06-30,81,1679
2022-06-30,82,1500
2022-06-30,83,1352
2022-06-30,84,1550
2022-06-30,85,1469
2022-06-30,86,1404
2022-06-30,87,1425
2022-06-30,88,1687
2022-06-30,89,1634
2022-06-30,90,1630
2022-06-30,91,1436
2022-06-30,92,1460
2022-06-30,93,1415
2022-06-30,94,1539
2022-06-30,95,1586
2022-06-30,96,1515
2022-06-30,97,1493
2022-06-30,98,1509
2022-06-30,99,1611
2022-06-30,100,1476
2022-07-31,1,1613
2022-07-31,2,1740
2022-07-31,3,1635
2022-07-31,4,1566
2022-07-31,5,1441
2022-07-31,6,1388
2022-07-31,7,1400
2022-07-31,8,1523
2022-07-31,9,1510
2022-07-31,10,1630
2022-07-31,11,1439
2022-07-31,12,1491
2022-07-31,13,1559
2022-07-31,14,1515
2022-07-31,15,1405
2022-07-31,16,1508
2022-07-31,17,1618
2022-07-31,18,1763
2022-07-31,19,1380
2022-07-31,20,1235
2022-07-31,21,1518
2022-07-31,22,1340
2022-07-31,23,1597
2022-07-31,24,1311
2022-07-31,25,1711
2022-07-31,26,1530
2022-07-31,27,1464
2022-07-31,28,1717
2022-07-31,29,1613
2022-07-31,30,1345
2022-07-31,31,1588
2022-07-31,32,1641
2022-07-31,33,1518
2022-07-31,34,1754
2022-07-31,35,1518
2022-07-31,36,1601
2022-07-31,37,1456
2022-07-31,38,1641
2022-07-31,39,1542
2022-07-31,40,1495
2022-07-31,41,1522
2022-07-31,42,1387
2022-07-31,43,1476
2022-07-31,44,1433
2022-07-31,45,1294
2022-07-31,46,1569
2022-07-31,47,1550
2022-07-31,48,1477
2022-07-31,49,1524
2022-07-31,50,1538
2022-07-31,51,1631
2022-07-31,52,1316
2022-07-31,53,1505
2022-07-31,54,1568
2022-07-31,55,1550
2022-07-31,56,1620
2022-07-31,57,1646
2022-07-31,58,1654
2022-07-31,59,1461
2022-07-31,60,1300
2022-07-31,61,1654
2022-07-31,62,1317
2022-07-31,63,1464
2022-07-31,64,1519
2022-07-31,65,1603
2022-07-31,66,1227
2022-07-31,67,1536
2022-07-31,68,1588
2022-07-31,69,1474
2022-07-31,70,1404
2022-07-31,71,1482
2022-07-31,72,1341
2022-07-31,73,1627
2022-07-31,74,1377
2022-07-31,75,1484
2022-07-31,76,1489
2022-07-31,77,1564
2022-07-31,78,1436
2022-07-31,79,1422
2022-07-31,80,1450
2022-07-31,81,1588
2022-07-31,82,1387
2022-07-31,83,1588
2022-07-31,84,1465
2022-07-31,85,1363
2022-07-31,86,1688
2022-07-31,87,1571
2022-07-31,88,1359
2022-07-31,89,1519
2022-07-31,90,1537
2022-07-31,91,1800
2022-07-31,92,1632
2022-07-31,93,1302
2022-07-31,94,1595
2022-07-31,95,1517
2022-07-31,96,1482
2022-07-31,97,1652
2022-07-31,98,1767
2022-07-31,99,1773
2022-07-31,100,1523
2022-08-31,1,1509
2022-08-31,2,1307
2022-08-31,3,1483
2022-08-31,4,1750
2022-08-31,5,1353
2022-08-31,6,1728
2022-08-31,7,1545
2022-08-31,8,1676
2022-08-31,9,1629
2022-08-31,10,1482
2022-08-31,11,1548
2022-08-31,12,1626
2022-08-31,13,1618
2022-08-31,14,1561
2022-08-31,15,1523
2022-08-31,16,1221
2022-08-31,17,1619
2022-08-31,18,1474
2022-08-31,19,1564
2022-08-31,20,1522
2022-08-31,21,1587
2022-08-31,22,1600
2022-08-31,23,1434
2022-08-31,24,1561
2022-08-31,25,1320
2022-08-31,26,1656
2022-08-31,27,1564
2022-08-31,28,1569
2022-08-31,29,1468
2022-08-31,30,1426
2022-08-31,31,1660
2022-08-31,32,1560
2022-08-31,33,1653
2022-08-31,34,1402
2022-08-31,35,1353
2022-08-31,36,1391
2022-08-31,37,1596
2022-08-31,38,1480
2022-08-31,39,1577
2022-08-31,40,1589
2022-08-31,41,1573
2022-08-31,42,1442
2022-08-31,43,1519
2022-08-31,44,1594
2022-08-31,45,1724
2022-08-31,46,1677
2022-08-31,47,1647
2022-08-31,48,1719
2022-08-31,49,1537
2022-08-31,50,1563
2022-08-31,51,1581
2022-08-31,52,1431
2022-08-31,53,1456
2022-08-31,54,1355
2022-08-31,55,1670
2022-08-31,56,1596
2022-08-31,57,1487
2022-08-31,58,1379
2022-08-31,59,1414
2022-08-31,60,1900
2022-08-31,61,1624
2022-08-31,62,1414
2022-08-31,63,1400
2022-08-31,64,1444
2022-08-31,65,1452
2022-08-31,66,1617
2022-08-31,67,1571
2022-08-31,68,1519
2022-08-31,69,1582
2022-08-31,70,1472
2022-08-31,71,1473
2022-08-31,72,1561
2022-08-31,73,1586
2022-08-31,74,1320
2022-08-31,75,1292
2022-08-31,76,1492
2022-08-31,77,1376
2022-08-31,78,1547
2022-08-31,79,1548
2022-08-31,80,1616
2022-08-31,81,1626
2022-08-31,82,1557
2022-08-31,83,1570
2022-08-31,84,1701
2022-08-31,85,1466
2022-08-31,86,1650
2022-08-31,87,1564
2022-08-31,88,1544
2022-08-31,89,1607
2022-08-31,90,1647
2022-08-31,91,1520
2022-08-31,92,1633
2022-08-31,93,1381
2022-08-31,94,1567
2022-08-31,95,1487
2022-08-31,96,1566
2022-08-31,97,1523
2022-08-31,98,1609
2022-08-31,99,1660
2022-08-31,100,1516
2022-09-30,1,1353
2022-09-30,2,1522
2022-09-30,3,1926
2022-09-30,4,1602
2022-09-30,5,1686
2022-09-30,6,1476
2022-09-30,7,1541
2022-09-30,8,1413
2022-09-30,9,1527
2022-09-30,10,1595
2022-09-30,11,1501
2022-09-30,12,1555
2022-09-30,13,1523
2022-09-30,14,1366
2022-09-30,15,1384
2022-09-30,16,1557
2022-09-30,17,1367
2022-09-30,18,1527
2022-09-30,19,1643
2022-09-30,20,1544
2022-09-30,21,1461
2022-09-30,22,1469
2022-09-30,23,1373
2022-09-30,24,1614
2022-09-30,25,1484
2022-09-30,26,1512
2022-09-30,27,1550
2022-09-30,28,1444
2022-09-30,29,1603
2022-09-30,30,1413
2022-09-30,31,1604
2022-09-30,32,1609
2022-09-30,33,1461
2022-09-30,34,1630
2022-09-30,35,1365
2022-09-30,36,1676
2022-09-30,37,1342
2022-09-30,38,1570
2022-09-30,39,1440
2022-09-30,40,1345
2022-09-30,41,1553
2022-09-30,42,1320
2022-09-30,43,1409
2022-09-30,44,1492
2022-09-30,45,1564
2022-09-30,46,1474
2022-09-30,47,1570
2022-09-30,48,1347
2022-09-30,49,1560
2022-09-30,50,1361
2022-09-30,51,1602
2022-09-30,52,1567
2022-09-30,53,1540
2022-09-30,54,1611
2022-09-30,55,1555
2022-09-30,56,1507
2022-09-30,57,1513
2022-09-30,58,1293
2022-09-30,59,1483
2022-09-30,60,1400
2022-09-30,61,1382
2022-09-30,62,1739
2022-09-30,63,1610
2022-09-30,64,1478
2022-09-30,65,1471
2022-09-30,66,1642
2022-09-30,67,1499
2022-09-30,68,1397
2022-09-30,69,1544
2022-09-30,70,1450
2022-09-30,71,1384
2022-09-30,72,1451
2022-09-30,73,1440
2022-09-30,74,1343
2022-09-30,75,1465
2022-09-30,76,1360
2022-09-30,77,1487
2022-09-30,78,1536
2022-09-30,79,1568
2022-09-30,80,1380
2022-09-30,81,1542
2022-09-30,82,1451
2022-09-30,83,1259
2022-09-30,84,1515
2022-09-30,85,1447
2022-09-30,86,1311
2022-09-30,87,1618
2022-09-30,88,1660
2022-09-30,89,1346
2022-09-30,90,1517
2022-09-30,91,1548
2022-09-30,92,1733
2022-09-30,93,1392
2022-09-30,94,1522
2022-09-30,95,1558
2022-09-30,96,1605
2022-09-30,97,1474
2022-09-30,98,1413
2022-09-30,99,1548
2022-09-30,100,1424
2022-10-31,1,1654
2022-10-31,2,1476
2022-10-31,3,1607
2022-10-31,4,1547
2022-10-31,5,1677
2022-10-31,6,1556
2022-10-31,7,1476
2022-10-31,8,1359
2022-10-31,9,1729
2022-10-31,10,1808
2022-10-31,11,1410
2022-10-31,12,1314
2022-10-31,13,1604
2022-10-31,14,1612
2022-10-31,15,1586
2022-10-31,16,1360
2022-10-31,17,1705
2022-10-31,18,1591
2022-10-31,19,1659
2022-10-31,20,1707
2022-10-31,21,1418
2022-10-31,22,1457
2022-10-31,23,1677
2022-10-31,24,1604
2022-10-31,25,1614
2022-10-31,26,1739
2022-10-31,27,1386
2022-10-31,28,1570
2022-10-31,29,1646
2022-10-31,30,1542
2022-10-31,31,1538
2022-10-31,32,1541
2022-10-31,33,1464
2022-10-31,34,1643
2022-10-31,35,1729
2022-10-31,36,1526
2022-10-31,37,1453
2022-10-31,38,1627
2022-10-31,39,1482
2022-10-31,40,1436
2022-10-31,41,1444
2022-10-31,42,1585
2022-10-31,43,1371
2022-10-31,44,1841
2022-10-31,45,1560
2022-10-31,46,1461
2022-10-31,47,1612
2022-10-31,48,1421
2022-10-31,49,1616
2022-10-31,50,1559
2022-10-31,51,1481
2022-10-31,52,1482
2022-10-31,53,1577
2022-10-31,54,1681
2022-10-31,55,1441
2022-10-31,56,1668
2022-10-31,57,1427
2022-10-31,58,1683
2022-10-31,59,1509
2022-10-31,60,1724
2022-10-31,61,1423
2022-10-31,62,1451
2022-10-31,63,1506
2022-10-31,64,1416
2022-10-31,65,1623
2022-10-31,66,1484
2022-10-31,67,1511
2022-10-31,68,1523
2022-10-31,69,1558
2022-10-31,70,1416
2022-10-31,71,1419
2022-10-31,72,1397
2022-10-31,73,1341
2022-10-31,74,1548
2022-10-31,75,1337
2022-10-31,76,1479
2022-10-31,77,1390
2022-10-31,78,1631
2022-10-31,79,1455
2022-10-31,80,1546
2022-10-31,81,1684
2022-10-31,82,1515
2022-10-31,83,1402
2022-10-31,84,1661
2022-10-31,85,1616
2022-10-31,86,1507
2022-10-31,87,1707
2022-10-31,88,1587
2022-10-31,89,1448
2022-10-31,90,1642
2022-10-31,91,1615
2022-10-31,92,1424
2022-10-31,93,1517
2022-10-31,94,1700
2022-10-31,95,1520
2022-10-31,96,1396
2022-10-31,97,1646
2022-10-31,98,1636
2022-10-31,99,1327
2022-10-31,100,1472
2022-11-30,1,1586
2022-11-30,2,1566
2022-11-30,3,1533
2022-11-30,4,1287
2022-11-30,5,1229
2022-11-30,6,1491
2022-11-30,7,1502
2022-11-30,8,1480
2022-11-30,9,1572
2022-11-30,10,1605
2022-11-30,11,1416
2022-11-30,12,1495
2022-11-30,13,1561
2022-11-30,14,1457
2022-11-30,15,1314
2022-11-30,16,1591
2022-11-30,17,1741
2022-11-30,18,1383
2022-11-30,19,1568
2022-11-30,20,1431
2022-11-30,21,1523
2022-11-30,22,1300
2022-11-30,23,1393
2022-11-30,24,1462
2022-11-30,25,1559
2022-11-30,26,1671
2022-11-30,27,1484
2022-11-30,28,1486
2022-11-30,29,1398
2022-11-30,30,1531
2022-11-30,31,1421
2022-11-30,32,1192
2022-11-30,33,1302
2022-11-30,34,1397
2022-11-30,35,1400
2022-11-30,36,1513
2022-11-30,37,1510
2022-11-30,38,1318
2022-11-30,39,1619
2022-11-30,40,1307
2022-11-30,41,1417
2022-11-30,42,1390
2022-11-30,43,1501
2022-11-30,44,1553
2022-11-30,45,1617
2022-11-30,46,1590
2022-11-30,47,1440
2022-11-30,48,1654
2022-11-30,49,1645
2022-11-30,50,1497
2022-11-30,51,1357
2022-11-30,52,1389
2022-11-30,53,1518
2022-11-30,54,1490
2022-11-30,55,1509
2022-11-30,56,1531
2022-11-30,57,1353
2022-11-30,58,1431
2022-11-30,59,1266
2022-11-30,60,1549
2022-11-30,61,1687
2022-11-30,62,1598
2022-11-30,63,1515
2022-11-30,64,1499
2022-11-30,65,1527
2022-11-30,66,1446
2022-11-30,67,1483
2022-11-30,68,1560
2022-11-30,69,1222
2022-11-30,70,1520
2022-11-30,71,1480
2022-11-30,72,1530
2022-11-30,73,1339
2022-11-30,74,1554
2022-11-30,75,1520
2022-11-30,76,1434
2022-11-30,77,1640
2022-11-30,78,1509
2022-11-30,79,1475
2022-11-30,80,1510
2022-11-30,81,1518
2022-11-30,82,1507
2022-11-30,83,1438
2022-11-30,84,1397
2022-11-30,85,1555
2022-11-30,86,1626
2022-11-30,87,1439
2022-11-30,88,1429
2022-11-30,89,1427
2022-11-30,90,1566
2022-11-30,91,1404
2022-11-30,92,1497
2022-11-30,93,1456
2022-11-30,94,1671
2022-11-30,95,1578
2022-11-30,96,1778
2022-11-30,97,1495
2022-11-30,98,1457
2022-11-30,99,1587
2022-11-30,100,1414
2022-12-31,1,1493
2022-12-31,2,1464
2022-12-31,3,1375
2022-12-31,4,1512
2022-12-31,5,1417
2022-12-31,6,1441
2022-12-31,7,1474
2022-12-31,8,1533
2022-12-31,9,1557
2022-12-31,10,1470
2022-12-31,11,1487
2022-12-31,12,1720
2022-12-31,13,1802
2022-12-31,14,1440
2022-12-31,15,1416
2022-12-31,16,1565
2022-12-31,17,1543
2022-12-31,18,1573
2022-12-31,19,1546
2022-12-31,20,1703
2022-12-31,21,1490
2022-12-31,22,1338
2022-12-31,23,1509
2022-12-31,24,1474
2022-12-31,25,1453
2022-12-31,26,1387
2022-12-31,27,1349
2022-12-31,28,1660
2022-12-31,29,1524
2022-12-31,30,1520
2022-12-31,31,1470
2022-12-31,32,1502
2022-12-31,33,1441
2022-12-31,34,1723
2022-12-31,35,1574
2022-12-31,36,1560
2022-12-31,37,1581
2022-12-31,38,1494
2022-12-31,39,1556
2022-12-31,40,1728
2022-12-31,41,1573
2022-12-31,42,1658
2022-12-31,43,1578
2022-12-31,44,1737
2022-12-31,45,1298
2022-12-31,46,1724
2022-12-31,47,1469
2022-12-31,48,1352
2022-12-31,49,1777
2022-12-31,50,1617
2022-12-31,51,1604
2022-12-31,52,1411
2022-12-31,53,1702
2022-12-31,54,1619
2022-12-31,55,1656
2022-12-31,56,1710
2022-12-31,57,1628
2022-12-31,58,1398
2022-12-31,59,1458
2022-12-31,60,1549
2022-12-31,61,1691
2022-12-31,62,1652
2022-12-31,63,1530
2022-12-31,64,1594
2022-12-31,65,1638
2022-12-31,66,1531
2022-12-31,67,1530
2022-12-31,68,1629
2022-12-31,69,1503
2022-12-31,70,1585
2022-12-31,71,1295
2022-12-31,72,1577
2022-12-31,73,1566
2022-12-31,74,1461
2022-12-31,75,1501
2022-12-31,76,1403
2022-12-31,77,1658
2022-12-31,78,1447
2022-12-31,79,1661
2022-12-31,80,1492
2022-12-31,81,1622
2022-12-31,82,1589
2022-12-31,83,1463
2022-12-31,84,1632
2022-12-31,85,1374
2022-12-31,86,1596
2022-12-31,87,1512
2022-12-31,88,1628
2022-12-31,89,1596
2022-12-31,90,1599
2022-12-31,91,1624
2022-12-31,92,1495
2022-12-31,93,1591
2022-12-31,94,1390
2022-12-31,95,1460
2022-12-31,96,1601
2022-12-31,97,1416
2022-12-31,98,1521
2022-12-31,99,1509
2022-12-31,100,1372
2023-01-31,1,1620
2023-01-31,2,1574
2023-01-31,3,1611
2023-01-31,4,1507
2023-01-31,5,1715
2023-01-31,6,1602
2023-01-31,7,1646
2023-01-31,8,1673
2023-01-31,9,1500
2023-01-31,10,1479
2023-01-31,11,1477
2023-01-31,12,1542
2023-01-31,13,1762
2023-01-31,14,1404
2023-01-31,15,1515
2023-01-31,16,1498
2023-01-31,17,1530
2023-01-31,18,1591
2023-01-31,19,1445
2023-01-31,20,1452
2023-01-31,21,1565
2023-01-31,22,1452
2023-01-31,23,1690
2023-01-31,24,1349
2023-01-31,25,1580
2023-01-31,26,1864
2023-01-31,27,1393
2023-01-31,28,1535
2023-01-31,29,1477
2023-01-31,30,1463
2023-01-31,31,1306
2023-01-31,32,1329
2023-01-31,33,1636
2023-01-31,34,1541
2023-01-31,35,1671
2023-01-31,36,1439
2023-01-31,37,1538
2023-01-31,38,1502
2023-01-31,39,1524
2023-01-31,40,1601
2023-01-31,41,1254
2023-01-31,42,1573
2023-01-31,43,1602
2023-01-31,44,1517
2023-01-31,45,1439
2023-01-31,46,1702
2023-01-31,47,1624
2023-01-31,48,1651
2023-01-31,49,1480
2023-01-31,50,1351
2023-01-31,51,1598
2023-01-31,52,1532
2023-01-31,53,1613
2023-01-31,54,1559
2023-01-31,55,1404
2023-01-31,56,1623
2023-01-31,57,1733
2023-01-31,58,1677
2023-01-31,59,1539
2023-01-31,60,1509
2023-01-31,61,1351
2023-01-31,62,1563
2023-01-31,63,1678
2023-01-31,64,1722
2023-01-31,65,1613
2023-01-31,66,1456
2023-01-31,67,1406
2023-01-31,68,1477
2023-01-31,69,1643
2023-01-31,70,1542
2023-01-31,71,1797
2023-01-31,72,1384
2023-01-31,73,1610
2023-01-31,74,1510
2023-01-31,75,1610
2023-01-31,76,1427
2023-01-31,77,1600
2023-01-31,78,1612
2023-01-31,79,1546
2023-01-31,80,1526
2023-01-31,81,1587
2023-01-31,82,1527
2023-01-31,83,1628
2023-01-31,84,1684
2023-01-31,85,1510
2023-01-31,86,1371
2023-01-31,87,1599
2023-01-31,88,1643
2023-01-31,89,1547
2023-01-31,90,1462
2023-01-31,91,1422
2023-01-31,92,1331
2023-01-31,93,1424
2023-01-31,94,1384
2023-01-31,95,1522
2023-01-31,96,1420
2023-01-31,97,1598
2023-01-31,98,1416
2023-01-31,99,1651
2023-01-31,100,1661
2023-02-28,1,1160
2023-02-28,2,1463
2023-02-28,3,1435
2023-02-28,4,1392
2023-02-28,5,1404
2023-02-28,6,1418
2023-02-28,7,1652
2023-02-28,8,1494
2023-02-28,9,1292
2023-02-28,10,1560
2023-02-28,11,1535
2023-02-28,12,1435
2023-02-28,13,1153
2023-02-28,14,1288
2023-02-28,15,1184
2023-02-28,16,1356
2023-02-28,17,1354
2023-02-28,18,1598
2023-02-28,19,1455
2023-02-28,20,1447
2023-02-28,21,1513
2023-02-28,22,1500
2023-02-28,23,1569
2023-02-28,24,1332
2023-02-28,25,1287
2023-02-28,26,1353
2023-02-28,27,1195
2023-02-28,28,1372
2023-02-28,29,1434
2023-02-28,30,1462
2023-02-28,31,1373
2023-02-28,32,1534
2023-02-28,33,1421
2023-02-28,34,1369
2023-02-28,35,1351
2023-02-28,36,1448
2023-02-28,37,1333
2023-02-28,38,1348
2023-02-28,39,1470
2023-02-28,40,1367
2023-02-28,41,1474
2023-02-28,42,1280
2023-02-28,43,1432
2023-02-28,44,1387
2023-02-28,45,1162
2023-02-28,46,1300
2023-02-28,47,1043
2023-02-28,48,1334
2023-02-28,49,1371
2023-02-28,50,1407
2023-02-28,51,1274
2023-02-28,52,1286
2023-02-28,53,1462
2023-02-28,54,1204
2023-02-28,55,1573
2023-02-28,56,1390
2023-02-28,57,1356
2023-02-28,58,1371
2023-02-28,59,1288
2023-02-28,60,1467
2023-02-28,61,1364
2023-02-28,62,1380
2023-02-28,63,1293
2023-02-28,64,1453
2023-02-28,65,1570
2023-02-28,66,1365
2023-02-28,67,1659
2023-02-28,68,1262
2023-02-28,69,1423
2023-02-28,70,1393
2023-02-28,71,1254
2023-02-28,72,1493
2023-02-28,73,1306
2023-02-28,74,1284
2023-02-28,75,1268
2023-02-28,76,1123
2023-02-28,77,1478
2023-02-28,78,1420
2023-02-28,79,1303
2023-02-28,80,1487
2023-02-28,81,1370
2023-02-28,82,1366
2023-02-28,83,1325
2023-02-28,84,1265
2023-02-28,85,1289
2023-02-28,86,1447
2023-02-28,87,1403
2023-02-28,88,1442
2023-02-28,89,1536
2023-02-28,90,1547
2023-02-28,91,1445
2023-02-28,92,1397
2023-02-28,93,1487
2023-02-28,94,1415
2023-02-28,95,1304
2023-02-28,96,1444
2023-02-28,97,1327
2023-02-28,98,1258
2023-02-28,99,1461
2023-02-28,100,1547
2023-03-31,1,1493
2023-03-31,2,1519
2023-03-31,3,1571
2023-03-31,4,1601
2023-03-31,5,1361
2023-03-31,6,1665
2023-03-31,7,1542
2023-03-31,8,1416
2023-03-31,9,1679
2023-03-31,10,1649
2023-03-31,11,1460
2023-03-31,12,1584
2023-03-31,13,1588
2023-03-31,14,1847
2023-03-31,15,1424
2023-03-31,16,1253
2023-03-31,17,1562
2023-03-31,18,1741
2023-03-31,19,1350
2023-03-31,20,1535
2023-03-31,21,1621
2023-03-31,22,1580
2023-03-31,23,1616
2023-03-31,24,1328
2023-03-31,25,1594
2023-03-31,26,1572
2023-03-31,27,1581
2023-03-31,28,1399
2023-03-31,29,1687
2023-03-31,30,1434
2023-03-31,31,1406
2023-03-31,32,1374
2023-03-31,33,1554
2023-03-31,34,1743
2023-03-31,35,1536
2023-03-31,36,1498
2023-03-31,37,1558
2023-03-31,38,1323
2023-03-31,39,1278
2023-03-31,40,1591
2023-03-31,41,1498
2023-03-31,42,1550
2023-03-31,43,1487
2023-03-31,44,1453
2023-03-31,45,1347
2023-03-31,46,1544
2023-03-31,47,1366
2023-03-31,48,1619
2023-03-31,49,1552
2023-03-31,50,1807
2023-03-31,51,1583
2023-03-31,52,1341
2023-03-31,53,1493
2023-03-31,54,1514
2023-03-31,55,1493
2023-03-31,56,1681
2023-03-31,57,1439
2023-03-31,58,1673
2023-03-31,59,1490
2023-03-31,60,1746
2023-03-31,61,1498
2023-03-31,62,1635
2023-03-31,63,1739
2023-03-31,64,1434
2023-03-31,65,1526
2023-03-31,66,1470
2023-03-31,67,1482
2023-03-31,68,1689
2023-03-31,69,1704
2023-03-31,70,1507
2023-03-31,71,1335
2023-03-31,72,1671
2023-03-31,73,1624
2023-03-31,74,1448
2023-03-31,75,1598
2023-03-31,76,1562
2023-03-31,77,1401
2023-03-31,78,1479
2023-03-31,79,1476
2023-03-31,80,1531
2023-03-31,81,1726
2023-03-31,82,1501
2023-03-31,83,1511
2023-03-31,84,1708
2023-03-31,85,1541
2023-03-31,86,1461
2023-03-31,87,1492
2023-03-31,88,1479
2023-03-31,89,1633
2023-03-31,90,1525
2023-03-31,91,1697
2023-03-31,92,1557
2023-03-31,93,1519
2023-03-31,94,1580
2023-03-31,95,1350
2023-03-31,96,1701
2023-03-31,97,1625
2023-03-31,98,1480
2023-03-31,99,1356
2023-03-31,100,1589
2023-04-30,1,1613
2023-04-30,2,1669
2023-04-30,3,1287
2023-04-30,4,1442
2023-04-30,5,1270
2023-04-30,6,1473
2023-04-30,7,1488
2023-04-30,8,1258
2023-04-30,9,1459
2023-04-30,10,1513
2023-04-30,11,1368
2023-04-30,12,1357
2023-04-30,13,1378
2023-04-30,14,1454
2023-04-30,15,1455
2023-04-30,16,1455
2023-04-30,17,1445
2023-04-30,18,1506
2023-04-30,19,1318
2023-04-30,20,1236
2023-04-30,21,1382
2023-04-30,22,1423
2023-04-30,23,1718
2023-04-30,24,1727
2023-04-30,25,1442
2023-04-30,26,1427
2023-04-30,27,1505
2023-04-30,28,1520
2023-04-30,29,1516
2023-04-30,30,1418
2023-04-30,31,1389
2023-04-30,32,1534
2023-04-30,33,1645
2023-04-30,34,1233
2023-04-30,35,1455
2023-04-30,36,1482
2023-04-30,37,1539
2023-04-30,38,1454
2023-04-30,39,1633
2023-04-30,40,1502
2023-04-30,41,1496
2023-04-30,42,1545
2023-04-30,43,1404
2023-04-30,44,1548
2023-04-30,45,1633
2023-04-30,46,1208
2023-04-30,47,1409
2023-04-30,48,1427
2023-04-30,49,1402
2023-04-30,50,1518
2023-04-30,51,1370
2023-04-30,52,1710
2023-04-30,53,1498
2023-04-30,54,1510
2023-04-30,55,1368
2023-04-30,56,1574
2023-04-30,57,1443
2023-04-30,58,1260
2023-04-30,59,1418
2023-04-30,60,1532
2023-04-30,61,1471
2023-04-30,62,1669
2023-04-30,63,1334
2023-04-30,64,1421
2023-04-30,65,1505
2023-04-30,66,1462
2023-04-30,67,1350
2023-04-30,68,1598
2023-04-30,69,1382
2023-04-30,70,1535
2023-04-30,71,1520
2023-04-30,72,1320
2023-04-30,73,1411
2023-04-30,74,1394
2023-04-30,75,1530
2023-04-30,76,1628
2023-04-30,77,1524
2023-04-30,78,1409
2023-04-30,79,1373
2023-04-30,80,1460
2023-04-30,81,1354
2023-04-30,82,1251
2023-04-30,83,1354
2023-04-30,84,1699
2023-04-30,85,1616
2023-04-30,86,1747
2023-04-30,87,1571
2023-04-30,88,1441
2023-04-30,89,1556
2023-04-30,90,1337
2023-04-30,91,1509
2023-04-30,92,1323
2023-04-30,93,1471
2023-04-30,94,1487
2023-04-30,95,1550
2023-04-30,96,1273
2023-04-30,97,1580
2023-04-30,98,1508
2023-04-30,99,1541
2023-04-30,100,1553
2023-05-31,1,1710
2023-05-31,2,1515
2023-05-31,3,1489
2023-05-31,4,1439
2023-05-31,5,1650
2023-05-31,6,1536
2023-05-31,7,1436
2023-05-31,8,1708
2023-05-31,9,1366
2023-05-31,10,1650
2023-05-31,11,1623
2023-05-31,12,1611
2023-05-31,13,1713
2023-05-31,14,1516
2023-05-31,15,1320
2023-05-31,16,1457
2023-05-31,17,1639
2023-05-31,18,1561
2023-05-31,19,1456
2023-05-31,20,1227
2023-05-31,21,1450
2023-05-31,22,1500
2023-05-31,23,1413
2023-05-31,24,1517
2023-05-31,25,1677
2023-05-31,26,1736
2023-05-31,27,1533
2023-05-31,28,1662
2023-05-31,29,1411
2023-05-31,30,1508
2023-05-31,31,1578
2023-05-31,32,1347
2023-05-31,33,1576
2023-05-31,34,1515
2023-05-31,35,1687
2023-05-31,36,1239
2023-05-31,37,1499
2023-05-31,38,1360
2023-05-31,39,1387
2023-05-31,40,1707
2023-05-31,41,1536
2023-05-31,42,1388
2023-05-31,43,1543
2023-05-31,44,1572
2023-05-31,45,1539
2023-05-31,46,1691
2023-05-31,47,1607
2023-05-31,48,1465
2023-05-31,49,1463
2023-05-31,50,1695
2023-05-31,51,1495
2023-05-31,52,1473
2023-05-31,53,1658
2023-05-31,54,1620
2023-05-31,55,1533
2023-05-31,56,1587
2023-05-31,57,1605
2023-05-31,58,1629
2023-05-31,59,1355
2023-05-31,60,1641
2023-05-31,61,1275
2023-05-31,62,1588
2023-05-31,63,1499
2023-05-31,64,1708
2023-05-31,65,1466
2023-05-31,66,1482
2023-05-31,67,1520
2023-05-31,68,1730
2023-05-31,69,1482
2023-05-31,70,1585
2023-05-31,71,1422
2023-05-31,72,1312
2023-05-31,73,1644
2023-05-31,74,1481
2023-05-31,75,1437
2023-05-31,76,1384
2023-05-31,77,1610
2023-05-31,78,1505
2023-05-31,79,1584
2023-05-31,80,1594
2023-05-31,81,1544
2023-05-31,82,1534
2023-05-31,83,1694
2023-05-31,84,1460
2023-05-31,85,1588
2023-05-31,86,1528
2023-05-31,87,1450
2023-05-31,88,1488
2023-05-31,89,1519
2023-05-31,90,1634
2023-05-31,91,1468
2023-05-31,92,1836
2023-05-31,93,1566
2023-05-31,94,1604
2023-05-31,95,1461
2023-05-31,96,1404
2023-05-31,97,1452
2023-05-31,98,1886
2023-05-31,99,1468
2023-05-31,100,1438
2023-06-30,1,1549
2023-06-30,2,1616
2023-06-30,3,1526
2023-06-30,4,1454
2023-06-30,5,1334
2023-06-30,6,1442
2023-06-30,7,1463
2023-06-30,8,1592
2023-06-30,9,1453
2023-06-30,10,1579
2023-06-30,11,1290
2023-06-30,12,1412
2023-06-30,13,1605
2023-06-30,14,1372
2023-06-30,15,1486
2023-06-30,16,1452
2023-06-30,17,1706
2023-06-30,18,1357
2023-06-30,19,1536
2023-06-30,20,1392
2023-06-30,21,1403
2023-06-30,22,1512
2023-06-30,23,1401
2023-06-30,24,1538
2023-06-30,25,1347
2023-06-30,26,1446
2023-06-30,27,1554
2023-06-30,28,1547
2023-06-30,29,1542
2023-06-30,30,1456
2023-06-30,31,1598
2023-06-30,32,1327
2023-06-30,33,1500
2023-06-30,34,1379
2023-06-30,35,1594
2023-06-30,36,1598
2023-06-30,37,1402
2023-06-30,38,1328
2023-06-30,39,1479
2023-06-30,40,1566
2023-06-30,41,1743
2023-06-30,42,1657
2023-06-30,43,1458
2023-06-30,44,1467
2023-06-30,45,1400
2023-06-30,46,1539
2023-06-30,47,1413
2023-06-30,48,1304
2023-06-30,49,1449
2023-06-30,50,1481
2023-06-30,51,1552
2023-06-30,52,1507
2023-06-30,53,1615
2023-06-30,54,1551
2023-06-30,55,1436
2023-06-30,56,1568
2023-06-30,57,1522
2023-06-30,58,1666
2023-06-30,59,1623
2023-06-30,60,1493
2023-06-30,61,1454
2023-06-30,62,1414
2023-06-30,63,1422
2023-06-30,64,1470
2023-06-30,65,1478
2023-06-30,66,1485
2023-06-30,67,1548
2023-06-30,68,1361
2023-06-30,69,1488
2023-06-30,70,1331
2023-06-30,71,1440
2023-06-30,72,1567
2023-06-30,73,1414
2023-06-30,74,1448
2023-06-30,75,1730
2023-06-30,76,1434
2023-06-30,77,1709
2023-06-30,78,1554
2023-06-30,79,1572
2023-06-30,80,1506
2023-06-30,81,1350
2023-06-30,82,1542
2023-06-30,83,1587
2023-06-30,84,1552
2023-06-30,85,1601
2023-06-30,86,1702
2023-06-30,87,1543
2023-06-30,88,1250
2023-06-30,89,1520
2023-06-30,90,1492
2023-06-30,91,1725
2023-06-30,92,1611
2023-06-30,93,1459
2023-06-30,94,1352
2023-06-30,95,1594
2023-06-30,96,1414
2023-06-30,97,1413
2023-06-30,98,1654
2023-06-30,99,1593
2023-06-30,100,1456
2023-07-31,1,1515
2023-07-31,2,1532
2023-07-31,3,1519
2023-07-31,4,1712
2023-07-31,5,1588
2023-07-31,6,1457
2023-07-31,7,1548
2023-07-31,8,1772
2023-07-31,9,1316
2023-07-31,10,1672
2023-07-31,11,1554
2023-07-31,12,1303
2023-07-31,13,1534
2023-07-31,14,1550
2023-07-31,15,1465
2023-07-31,16,1475
2023-07-31,17,1487
2023-07-31,18,1615
2023-07-31,19,1484
2023-07-31,20,1598
2023-07-31,21,1507
2023-07-31,22,1233
2023-07-31,23,1555
2023-07-31,24,1589
2023-07-31,25,1647
2023-07-31,26,1520
2023-07-31,27,1683
2023-07-31,28,1412
2023-07-31,29,1760
2023-07-31,30,1619
2023-07-31,31,1613
2023-07-31,32,1362
2023-07-31,33,1397
2023-07-31,34,1477
2023-07-31,35,1788
2023-07-31,36,1518
2023-07-31,37,1583
2023-07-31,38,1586
2023-07-31,39,1497
2023-07-31,40,1556
2023-07-31,41,1591
2023-07-31,42,1747
2023-07-31,43,1480
2023-07-31,44,1447
2023-07-31,45,1328
2023-07-31,46,1494
2023-07-31,47,1645
2023-07-31,48,1583
2023-07-31,49,1544
2023-07-31,50,1748
2023-07-31,51,1328
2023-07-31,52,1483
2023-07-31,53,1530
2023-07-31,54,1498
2023-07-31,55,1484
2023-07-31,56,1498
2023-07-31,57,1540
2023-07-31,58,1526
2023-07-31,59,1651
2023-07-31,60,1591
2023-07-31,61,1399
2023-07-31,62,1687
2023-07-31,63,1548
2023-07-31,64,1255
2023-07-31,65,1702
2023-07-31,66,1635
2023-07-31,67,1528
2023-07-31,68,1539
2023-07-31,69,1518
2023-07-31,70,1605
2023-07-31,71,1483
2023-07-31,72,1453
2023-07-31,73,1647
2023-07-31,74,1511
2023-07-31,75,1529
2023-07-31,76,1621
2023-07-31,77,1790
2023-07-31,78,1458
2023-07-31,79,1406
2023-07-31,80,1482
2023-07-31,81,1489
2023-07-31,82,1593
2023-07-31,83,1644
2023-07-31,84,1435
2023-07-31,85,1683
2023-07-31,86,1463
2023-07-31,87,1530
2023-07-31,88,1445
2023-07-31,89,1445
2023-07-31,90,1319
2023-07-31,91,1448
2023-07-31,92,1618
2023-07-31,93,1449
2023-07-31,94,1530
2023-07-31,95,1751
2023-07-31,96,1524
2023-07-31,97,1637
2023-07-31,98,1298
2023-07-31,99,1458
2023-07-31,100,1507
2023-08-31,1,1649
2023-08-31,2,1449
2023-08-31,3,1473
2023-08-31,4,1559
2023-08-31,5,1503
2023-08-31,6,1357
2023-08-31,7,1509
2023-08-31,8,1509
2023-08-31,9,1463
2023-08-31,10,1732
2023-08-31,11,1471
2023-08-31,12,1497
2023-08-31,13,1528
2023-08-31,14,1672
2023-08-31,15,1339
2023-08-31,16,1493
2023-08-31,17,1598
2023-08-31,18,1514
2023-08-31,19,1635
2023-08-31,20,1730
2023-08-31,21,1648
2023-08-31,22,1530
2023-08-31,23,1585
2023-08-31,24,1498
2023-08-31,25,1606
2023-08-31,26,1464
2023-08-31,27,1398
2023-08-31,28,1578
2023-08-31,29,1419
2023-08-31,30,1375
2023-08-31,31,1643
2023-08-31,32,1513
2023-08-31,33,1651
2023-08-31,34,1698
2023-08-31,35,1514
2023-08-31,36,1595
2023-08-31,37,1546
2023-08-31,38,1629
2023-08-31,39,1582
2023-08-31,40,1509
2023-08-31,41,1715
2023-08-31,42,1450
2023-08-31,43,1630
2023-08-31,44,1581
2023-08-31,45,1334
2023-08-31,46,1522
2023-08-31,47,1643
2023-08-31,48,1618
2023-08-31,49,1714
2023-08-31,50,1424
2023-08-31,51,1564
2023-08-31,52,1700
2023-08-31,53,1558
2023-08-31,54,1553
2023-08-31,55,1540
2023-08-31,56,1343
2023-08-31,57,1548
2023-08-31,58,1490
2023-08-31,59,1587
2023-08-31,60,1599
2023-08-31,61,1647
2023-08-31,62,1356
2023-08-31,63,1509
2023-08-31,64,1516
2023-08-31,65,1604
2023-08-31,66,1521
2023-08-31,67,1424
2023-08-31,68,1628
2023-08-31,69,1595
2023-08-31,70,1652
2023-08-31,71,1474
2023-08-31,72,1539
2023-08-31,73,1578
2023-08-31,74,1444
2023-08-31,75,1485
2023-08-31,76,1600
2023-08-31,77,1622
2023-08-31,78,1438
2023-08-31,79,1577
2023-08-31,80,1636
2023-08-31,81,1414
2023-08-31,82,1283
2023-08-31,83,1570
2023-08-31,84,1541
2023-08-31,85,1634
2023-08-31,86,1414
2023-08-31,87,1352
2023-08-31,88,1718
2023-08-31,89,1312
2023-08-31,90,1456
2023-08-31,91,1555
2023-08-31,92,1500
2023-08-31,93,1381
2023-08-31,94,1455
2023-08-31,95,1425
2023-08-31,96,1711
2023-08-31,97,1638
2023-08-31,98,1495
2023-08-31,99,1722
2023-08-31,100,1485
2023-09-30,1,1646
2023-09-30,2,1493
2023-09-30,3,1398
2023-09-30,4,1510
2023-09-30,5,1611
2023-09-30,6,1597
2023-09-30,7,1467
2023-09-30,8,1402
2023-09-30,9,1313
2023-09-30,10,1482
2023-09-30,11,1414
2023-09-30,12,1626
2023-09-30,13,1413
2023-09-30,14,1655
2023-09-30,15,1533
2023-09-30,16,1538
2023-09-30,17,1676
2023-09-30,18,1264
2023-09-30,19,1487
2023-09-30,20,1356
2023-09-30,21,1502
2023-09-30,22,1312
2023-09-30,23,1368
2023-09-30,24,1521
2023-09-30,25,1557
2023-09-30,26,1468
2023-09-30,27,1521
2023-09-30,28,1425
2023-09-30,29,1699
2023-09-30,30,1587
2023-09-30,31,1542
2023-09-30,32,1612
2023-09-30,33,1525
2023-09-30,34,1504
2023-09-30,35,1531
2023-09-30,36,1559
2023-09-30,37,1628
2023-09-30,38,1497
2023-09-30,39,1457
2023-09-30,40,1342
2023-09-30,41,1676
2023-09-30,42,1556
2023-09-30,43,1509
2023-09-30,44,1413
2023-09-30,45,1509
2023-09-30,46,1482
2023-09-30,47,1417
2023-09-30,48,1420
2023-09-30,49,1472
2023-09-30,50,1665
2023-09-30,51,1428
2023-09-30,52,1505
2023-09-30,53,1184
2023-09-30,54,1413
2023-09-30,55,1613
2023-09-30,56,1351
2023-09-30,57,1508
2023-09-30,58,1474
2023-09-30,59,1412
2023-09-30,60,1586
2023-09-30,61,1454
2023-09-30,62,1654
2023-09-30,63,1487
2023-09-30,64,1541
2023-09-30,65,1474
2023-09-30,66,1597
2023-09-30,67,1685
2023-09-30,68,1401
2023-09-30,69,1273
2023-09-30,70,1566
2023-09-30,71,1569
2023-09-30,72,1595
2023-09-30,73,1705
2023-09-30,74,1571
2023-09-30,75,1463
2023-09-30,76,1572
2023-09-30,77,1361
2023-09-30,78,1292
2023-09-30,79,1555
2023-09-30,80,1389
2023-09-30,81,1503
2023-09-30,82,1434
2023-09-30,83,1607
2023-09-30,84,1647
2023-09-30,85,1320
2023-09-30,86,1649
2023-09-30,87,1422
2023-09-30,88,1503
2023-09-30,89,1343
2023-09-30,90,1416
2023-09-30,91,1433
2023-09-30,92,1597
2023-09-30,93,1671
2023-09-30,94,1514
2023-09-30,95,1490
2023-09-30,96,1673
2023-09-30,97,1474
2023-09-30,98,1688
2023-09-30,99,1496
2023-09-30,100,1386
2023-10-31,1,1507
2023-10-31,2,1631
2023-10-31,3,1534
2023-10-31,4,1362
2023-10-31,5,1558
2023-10-31,6,1662
2023-10-31,7,1405
2023-10-31,8,1543
2023-10-31,9,1675
2023-10-31,10,1542
2023-10-31,11,1814
2023-10-31,12,1636
2023-10-31,13,1553
2023-10-31,14,1778
2023-10-31,15,1524
2023-10-31,16,1553
2023-10-31,17,1572
2023-10-31,18,1315
2023-10-31,19,1432
2023-10-31,20,1471
2023-10-31,21,1469
2023-10-31,22,1486
2023-10-31,23,1851
2023-10-31,24,1449
2023-10-31,25,1505
2023-10-31,26,1653
2023-10-31,27,1517
2023-10-31,28,1339
2023-10-31,29,1483
2023-10-31,30,1395
2023-10-31,31,1688
2023-10-31,32,1756
2023-10-31,33,1619
2023-10-31,34,1580
2023-10-31,35,1604
2023-10-31,36,1481
2023-10-31,37,1682
2023-10-31,38,1519
2023-10-31,39,1404
2023-10-31,40,1595
2023-10-31,41,1454
2023-10-31,42,1402
2023-10-31,43,1590
2023-10-31,44,1775
2023-10-31,45,1596
2023-10-31,46,1526
2023-10-31,47,1400
2023-10-31,48,1510
2023-10-31,49,1633
2023-10-31,50,1507
2023-10-31,51,1596
2023-10-31,52,1382
2023-10-31,53,1369
2023-10-31,54,1574
2023-10-31,55,1389
2023-10-31,56,1513
2023-10-31,57,1405
2023-10-31,58,1760
2023-10-31,59,1509
2023-10-31,60,1588
2023-10-31,61,1650
2023-10-31,62,1601
2023-10-31,63,1454
2023-10-31,64,1467
2023-10-31,65,1406
2023-10-31,66,1776
2023-10-31,67,1458
2023-10-31,68,1624
2023-10-31,69,1506
2023-10-31,70,1703
2023-10-31,71,1455
2023-10-31,72,1533
2023-10-31,73,1623
2023-10-31,74,1713
2023-10-31,75,1720
2023-10-31,76,1485
2023-10-31,77,1618
2023-10-31,78,1703
2023-10-31,79,1368
2023-10-31,80,1483
2023-10-31,81,1738
2023-10-31,82,1445
2023-10-31,83,1359
2023-10-31,84,1260
2023-10-31,85,1615
2023-10-31,86,1414
2023-10-31,87,1691
2023-10-31,88,1582
2023-10-31,89,1595
2023-10-31,90,1585
2023-10-31,91,1546
2023-10-31,92,1461
2023-10-31,93,1650
2023-10-31,94,1569
2023-10-31,95,1277
2023-10-31,96,1728
2023-10-31,97,1507
2023-10-31,98,1553
2023-10-31,99,1657
2023-10-31,100,1560
2023-11-30,1,1710
2023-11-30,2,1509
2023-11-30,3,1467
2023-11-30,4,1600
2023-11-30,5,1484
2023-11-30,6,1462
2023-11-30,7,1679
2023-11-30,8,1533
2023-11-30,9,1403
2023-11-30,10,1545
2023-11-30,11,1671
2023-11-30,12,1645
2023-11-30,13,1490
2023-11-30,14,1472
2023-11-30,15,1341
2023-11-30,16,1547
2023-11-30,17,1556
2023-11-30,18,1498
2023-11-30,19,1336
2023-11-30,20,1497
2023-11-30,21,1473
2023-11-30,22,1740
2023-11-30,23,1510
2023-11-30,24,1712
2023-11-30,25,1557
2023-11-30,26,1535
2023-11-30,27,1274
2023-11-30,28,1437
2023-11-30,29,1455
2023-11-30,30,1542
2023-11-30,31,1382
2023-11-30,32,1396
2023-11-30,33,1501
2023-11-30,34,1385
2023-11-30,35,1336
2023-11-30,36,1595
2023-11-30,37,1527
2023-11-30,38,1415
2023-11-30,39,1412
2023-11-30,40,1416
2023-11-30,41,1664
2023-11-30,42,1339
2023-11-30,43,1485
2023-11-30,44,1585
2023-11-30,45,1444
2023-11-30,46,1648
2023-11-30,47,1603
2023-11-30,48,1421
2023-11-30,49,1525
2023-11-30,50,1769
2023-11-30,51,1703
2023-11-30,52,1334
2023-11-30,53,1585
2023-11-30,54,1447
2023-11-30,55,1301
2023-11-30,56,1652
2023-11-30,57,1556
2023-11-30,58,1550
2023-11-30,59,1538
2023-11-30,60,1492
2023-11-30,61,1585
2023-11-30,62,1726
2023-11-30,63,1409
2023-11-30,64,1467
2023-11-30,65,1485
2023-11-30,66,1663
2023-11-30,67,1552
2023-11-30,68,1536
2023-11-30,69,1403
2023-11-30,70,1589
2023-11-30,71,1570
2023-11-30,72,1529
2023-11-30,73,1472
2023-11-30,74,1613
2023-11-30,75,1632
2023-11-30,76,1368
2023-11-30,77,1413
2023-11-30,78,1738
2023-11-30,79,1482
2023-11-30,80,1314
2023-11-30,81,1615
2023-11-30,82,1585
2023-11-30,83,1571
2023-11-30,84,1527
2023-11-30,85,1479
2023-11-30,86,1421
2023-11-30,87,1406
2023-11-30,88,1679
2023-11-30,89,1318
2023-11-30,90,1292
2023-11-30,91,1642
2023-11-30,92,1391
2023-11-30,93,1484
2023-11-30,94,1604
2023-11-30,95,1395
2023-11-30,96,1427
2023-11-30,97,1671
2023-11-30,98,1467
2023-11-30,99,1704
2023-11-30,100,1521
2023-12-31,1,1666
2023-12-31,2,1622
2023-12-31,3,1385
2023-12-31,4,1526
2023-12-31,5,1675
2023-12-31,6,1580
2023-12-31,7,1459
2023-12-31,8,1429
2023-12-31,9,1554
2023-12-31,10,1415
2023-12-31,11,1615
2023-12-31,12,1635
2023-12-31,13,1391
2023-12-31,14,1667
2023-12-31,15,1377
2023-12-31,16,1687
2023-12-31,17,1694
2023-12-31,18,1706
2023-12-31,19,1532
2023-12-31,20,1722
2023-12-31,21,1589
2023-12-31,22,1326
2023-12-31,23,1661
2023-12-31,24,1534
2023-12-31,25,1715
2023-12-31,26,1508
2023-12-31,27,1577
2023-12-31,28,1397
2023-12-31,29,1628
2023-12-31,30,1652
2023-12-31,31,1450
2023-12-31,32,1543
2023-12-31,33,1566
2023-12-31,34,1568
2023-12-31,35,1636
2023-12-31,36,1619
2023-12-31,37,1613
2023-12-31,38,1432
2023-12-31,39,1533
2023-12-31,40,1370
2023-12-31,41,1500
2023-12-31,42,1518
2023-12-31,43,1416
2023-12-31,44,1565
2023-12-31,45,1667
2023-12-31,46,1670
2023-12-31,47,1451
2023-12-31,48,1559
2023-12-31,49,1433
2023-12-31,50,1557
2023-12-31,51,1404
2023-12-31,52,1513
2023-12-31,53,1408
2023-12-31,54,1557
2023-12-31,55,1526
2023-12-31,56,1479
2023-12-31,57,1633
2023-12-31,58,1537
2023-12-31,59,1603
2023-12-31,60,1410
2023-12-31,61,1621
2023-12-31,62,1555
2023-12-31,63,1599
2023-12-31,64,1506
2023-12-31,65,1552
2023-12-31,66,1740
2023-12-31,67,1496
2023-12-31,68,1506
2023-12-31,69,1709
2023-12-31,70,1583
2023-12-31,71,1512
2023-12-31,72,1590
2023-12-31,73,1625
2023-12-31,74,1681
2023-12-31,75,1636
2023-12-31,76,1699
2023-12-31,77,1574
2023-12-31,78,1634
2023-12-31,79,1699
2023-12-31,80,1657
2023-12-31,81,1726
2023-12-31,82,1537
2023-12-31,83,1461
2023-12-31,84,1487
2023-12-31,85,1370
2023-12-31,86,1548
2023-12-31,87,1646
2023-12-31,88,1387
2023-12-31,89,1649
2023-12-31,90,1729
2023-12-31,91,1627
2023-12-31,92,1768
2023-12-31,93,1669
2023-12-31,94,1500
2023-12-31,95,1506
2023-12-31,96,1577
2023-12-31,97,1717
2023-12-31,98,1506
2023-12-31,99,1545
2023-12-31,100,1406
2024-01-31,1,1439
2024-01-31,2,1632
2024-01-31,3,1443
2024-01-31,4,1756
2024-01-31,5,1712
2024-01-31,6,1501
2024-01-31,7,1457
2024-01-31,8,1662
2024-01-31,9,1594
2024-01-31,10,1671
2024-01-31,11,1740
2024-01-31,12,1422
2024-01-31,13,1340
2024-01-31,14,1701
2024-01-31,15,1326
2024-01-31,16,1501
2024-01-31,17,1436
2024-01-31,18,1385
2024-01-31,19,1767
2024-01-31,20,1394
2024-01-31,21,1534
2024-01-31,22,1453
2024-01-31,23,1685
2024-01-31,24,1441
2024-01-31,25,1493
2024-01-31,26,1621
2024-01-31,27,1710
2024-01-31,28,1627
2024-01-31,29,1617
2024-01-31,30,1487
2024-01-31,31,1517
2024-01-31,32,1599
2024-01-31,33,1506
2024-01-31,34,1481
2024-01-31,35,1679
2024-01-31,36,1378
2024-01-31,37,1472
2024-01-31,38,1663
2024-01-31,39,1660
2024-01-31,40,1547
2024-01-31,41,1595
2024-01-31,42,1592
2024-01-31,43,1582
2024-01-31,44,1377
2024-01-31,45,1607
2024-01-31,46,1612
2024-01-31,47,1555
2024-01-31,48,1482
2024-01-31,49,1582
2024-01-31,50,1497
2024-01-31,51,1648
2024-01-31,52,1573
2024-01-31,53,1505
2024-01-31,54,1371
2024-01-31,55,1495
2024-01-31,56,1518
2024-01-31,57,1426
2024-01-31,58,1442
2024-01-31,59,1416
2024-01-31,60,1538
2024-01-31,61,1631
2024-01-31,62,1441
2024-01-31,63,1888
2024-01-31,64,1500
2024-01-31,65,1611
2024-01-31,66,1722
2024-01-31,67,1581
2024-01-31,68,1600
2024-01-31,69,1668
2024-01-31,70,1687
2024-01-31,71,1735
2024-01-31,72,1452
2024-01-31,73,1513
2024-01-31,74,1386
2024-01-31,75,1701
2024-01-31,76,1281
2024-01-31,77,1545
2024-01-31,78,1415
2024-01-31,79,1696
2024-01-31,80,1403
2024-01-31,81,1678
2024-01-31,82,1493
2024-01-31,83,1649
2024-01-31,84,1391
2024-01-31,85,1633
2024-01-31,86,1409
2024-01-31,87,1606
2024-01-31,88,1577
2024-01-31,89,1500
2024-01-31,90,1539
2024-01-31,91,1667
2024-01-31,92,1625
2024-01-31,93,1713
2024-01-31,94,1372
2024-01-31,95,1524
2024-01-31,96,1491
2024-01-31,97,1503
2024-01-31,98,1398
2024-01-31,99,1711
2024-01-31,100,1429
2024-02-29,1,1583
2024-02-29,2,1332
2024-02-29,3,1556
2024-02-29,4,1348
2024-02-29,5,1615
2024-02-29,6,1307
2024-02-29,7,1478
2024-02-29,8,1172
2024-02-29,9,1418
2024-02-29,10,1523
2024-02-29,11,1410
2024-02-29,12,1368
2024-02-29,13,1194
2024-02-29,14,1571
2024-02-29,15,1571
2024-02-29,16,1462
2024-02-29,17,1389
2024-02-29,18,1569
2024-02-29,19,1533
2024-02-29,20,1287
2024-02-29,21,1410
2024-02-29,22,1357
2024-02-29,23,1584
2024-02-29,24,1341
2024-02-29,25,1411
2024-02-29,26,1667
2024-02-29,27,1327
2024-02-29,28,1380
2024-02-29,29,1155
2024-02-29,30,1526
2024-02-29,31,1467
2024-02-29,32,1404
2024-02-29,33,1391
2024-02-29,34,1591
2024-02-29,35,1547
2024-02-29,36,1343
2024-02-29,37,1390
2024-02-29,38,1409
2024-02-29,39,1439
2024-02-29,40,1484
2024-02-29,41,1255
2024-02-29,42,1552
2024-02-29,43,1362
2024-02-29,44,1352
2024-02-29,45,1284
2024-02-29,46,1403
2024-02-29,47,1625
2024-02-29,48,1555
2024-02-29,49,1362
2024-02-29,50,1289
2024-02-29,51,1586
2024-02-29,52,1448
2024-02-29,53,1545
2024-02-29,54,1393
2024-02-29,55,1454
2024-02-29,56,1520
2024-02-29,57,1582
2024-02-29,58,1503
2024-02-29,59,1476
2024-02-29,60,1518
2024-02-29,61,1241
2024-02-29,62,1488
2024-02-29,63,1338
2024-02-29,64,1478
2024-02-29,65,1473
2024-02-29,66,1488
2024-02-29,67,1530
2024-02-29,68,1483
2024-02-29,69,1615
2024-02-29,70,1422
2024-02-29,71,1394
2024-02-29,72,1269
2024-02-29,73,1343
2024-02-29,74,1497
2024-02-29,75,1393
2024-02-29,76,1357
2024-02-29,77,1525
2024-02-29,78,1499
2024-02-29,79,1665
2024-02-29,80,1286
2024-02-29,81,1416
2024-02-29,82,1620
2024-02-29,83,1419
2024-02-29,84,1281
2024-02-29,85,1540
2024-02-29,86,1281
2024-02-29,87,1332
2024-02-29,88,1655
2024-02-29,89,1311
2024-02-29,90,1376
2024-02-29,91,1293
2024-02-29,92,1451
2024-02-29,93,1565
2024-02-29,94,1383
2024-02-29,95,1519
2024-02-29,96,1524
2024-02-29,97,1449
2024-02-29,98,1480
2024-02-29,99,1357
2024-02-29,100,1488
2024-03-31,1,1701
2024-03-31,2,1516
2024-03-31,3,1430
2024-03-31,4,1334
2024-03-31,5,1604
2024-03-31,6,1658
2024-03-31,7,1679
2024-03-31,8,1402
2024-03-31,9,1552
2024-03-31,10,1623
2024-03-31,11,1362
2024-03-31,12,1499
2024-03-31,13,1347
2024-03-31,14,1536
2024-03-31,15,1488
2024-03-31,16,1504
2024-03-31,17,1542
2024-03-31,18,1363
2024-03-31,19,1467
2024-03-31,20,1634
2024-03-31,21,1664
2024-03-31,22,1583
2024-03-31,23,1440
2024-03-31,24,1727
2024-03-31,25,1448
2024-03-31,26,1489
2024-03-31,27,1599
2024-03-31,28,1527
2024-03-31,29,1385
2024-03-31,30,1673
2024-03-31,31,1584
2024-03-31,32,1645
2024-03-31,33,1374
2024-03-31,34,1291
2024-03-31,35,1665
2024-03-31,36,1322
2024-03-31,37,1390
2024-03-31,38,1545
2024-03-31,39,1429
2024-03-31,40,1660
2024-03-31,41,1693
2024-03-31,42,1621
2024-03-31,43,1476
2024-03-31,44,1617
2024-03-31,45,1616
2024-03-31,46,1291
2024-03-31,47,1415
2024-03-31,48,1558
2024-03-31,49,1665
2024-03-31,50,1582
2024-03-31,51,1273
2024-03-31,52,1459
2024-03-31,53,1501
2024-03-31,54,1446
2024-03-31,55,1643
2024-03-31,56,1624
2024-03-31,57,1500
2024-03-31,58,1579
2024-03-31,59,1637
2024-03-31,60,1674
2024-03-31,61,1551
2024-03-31,62,1649
2024-03-31,63,1739
2024-03-31,64,1322
2024-03-31,65,1483
2024-03-31,66,1466
2024-03-31,67,1367
2024-03-31,68,1418
2024-03-31,69,1623
2024-03-31,70,1470
2024-03-31,71,1587
2024-03-31,72,1573
2024-03-31,73,1547
2024-03-31,74,1550
2024-03-31,75,1588
2024-03-31,76,1580
2024-03-31,77,1539
2024-03-31,78,1529
2024-03-31,79,1588
2024-03-31,80,1544
2024-03-31,81,1295
2024-03-31,82,1578
2024-03-31,83,1547
2024-03-31,84,1570
2024-03-31,85,1468
2024-03-31,86,1540
2024-03-31,87,1407
2024-03-31,88,1506
2024-03-31,89,1498
2024-03-31,90,1504
2024-03-31,91,1624
2024-03-31,92,1413
2024-03-31,93,1596
2024-03-31,94,1558
2024-03-31,95,1571
2024-03-31,96,1532
2024-03-31,97,1688
2024-03-31,98,1383
2024-03-31,99,1471
2024-03-31,100,1538
2024-04-30,1,1581
2024-04-30,2,1380
2024-04-30,3,1409
2024-04-30,4,1516
2024-04-30,5,1552
2024-04-30,6,1546
2024-04-30,7,1393
2024-04-30,8,1661
2024-04-30,9,1598
2024-04-30,10,1207
2024-04-30,11,1444
2024-04-30,12,1531
2024-04-30,13,1549
2024-04-30,14,1583
2024-04-30,15,1506
2024-04-30,16,1486
2024-04-30,17,1389
2024-04-30,18,1330
2024-04-30,19,1442
2024-04-30,20,1444
2024-04-30,21,1603
2024-04-30,22,1302
2024-04-30,23,1478
2024-04-30,24,1553
2024-04-30,25,1843
2024-04-30,26,1628
2024-04-30,27,1471
2024-04-30,28,1641
2024-04-30,29,1498
2024-04-30,30,1249
2024-04-30,31,1554
2024-04-30,32,1559
2024-04-30,33,1495
2024-04-30,34,1438
2024-04-30,35,1523
2024-04-30,36,1470
2024-04-30,37,1327
2024-04-30,38,1517
2024-04-30,39,1399
2024-04-30,40,1532
2024-04-30,41,1470
2024-04-30,42,1469
2024-04-30,43,1499
2024-04-30,44,1548
2024-04-30,45,1507
2024-04-30,46,1486
2024-04-30,47,1534
2024-04-30,48,1626
2024-04-30,49,1444
2024-04-30,50,1722
2024-04-30,51,1466
2024-04-30,52,1649
2024-04-30,53,1500
2024-04-30,54,1271
2024-04-30,55,1425
2024-04-30,56,1598
2024-04-30,57,1478
2024-04-30,58,1501
2024-04-30,59,1493
2024-04-30,60,1592
2024-04-30,61,1578
2024-04-30,62,1494
2024-04-30,63,1279
2024-04-30,64,1514
2024-04-30,65,1380
2024-04-30,66,1470
2024-04-30,67,1470
2024-04-30,68,1617
2024-04-30,69,1672
2024-04-30,70,1570
2024-04-30,71,1464
2024-04-30,72,1481
2024-04-30,73,1522
2024-04-30,74,1288
2024-04-30,75,1611
2024-04-30,76,1402
2024-04-30,77,1540
2024-04-30,78,1470
2024-04-30,79,1599
2024-04-30,80,1407
2024-04-30,81,1662
2024-04-30,82,1540
2024-04-30,83,1408
2024-04-30,84,1269
2024-04-30,85,1757
2024-04-30,86,1578
2024-04-30,87,1538
2024-04-30,88,1534
2024-04-30,89,1346
2024-04-30,90,1425
2024-04-30,91,1487
2024-04-30,92,1554
2024-04-30,93,1419
2024-04-30,94,1552
2024-04-30,95,1282
2024-04-30,96,1457
2024-04-30,97,1701
2024-04-30,98,1581
2024-04-30,99,1647
2024-04-30,100,1542
2024-05-31,1,1476
2024-05-31,2,1406
2024-05-31,3,1729
2024-05-31,4,1636
2024-05-31,5,1357
2024-05-31,6,1559
2024-05-31,7,1414
2024-05-31,8,1531
2024-05-31,9,1690
2024-05-31,10,1543
2024-05-31,11,1303
2024-05-31,12,1488
2024-05-31,13,1674
2024-05-31,14,1374
2024-05-31,15,1557
2024-05-31,16,1431
2024-05-31,17,1299
2024-05-31,18,1427
2024-05-31,19,1439
2024-05-31,20,1565
2024-05-31,21,1701
2024-05-31,22,1659
2024-05-31,23,1582
2024-05-31,24,1542
2024-05-31,25,1443
2024-05-31,26,1456
2024-05-31,27,1647
2024-05-31,28,1446
2024-05-31,29,1673
2024-05-31,30,1456
2024-05-31,31,1645
2024-05-31,32,1590
2024-05-31,33,1436
2024-05-31,34,1476
2024-05-31,35,1556
2024-05-31,36,1451
2024-05-31,37,1620
2024-05-31,38,1560
2024-05-31,39,1624
2024-05-31,40,1568
2024-05-31,41,1368
2024-05-31,42,1659
2024-05-31,43,1667
2024-05-31,44,1349
2024-05-31,45,1556
2024-05-31,46,1449
2024-05-31,47,1521
2024-05-31,48,1469
2024-05-31,49,1507
2024-05-31,50,1536
2024-05-31,51,1663
2024-05-31,52,1485
2024-05-31,53,1317
2024-05-31,54,1385
2024-05-31,55,1497
2024-05-31,56,1461
2024-05-31,57,1551
2024-05-31,58,1529
2024-05-31,59,1388
2024-05-31,60,1704
2024-05-31,61,1529
2024-05-31,62,1604
2024-05-31,63,1715
2024-05-31,64,1384
2024-05-31,65,1577
2024-05-31,66,1658
2024-05-31,67,1423
2024-05-31,68,1450
2024-05-31,69,1516
2024-05-31,70,1686
2024-05-31,71,1561
2024-05-31,72,1398
2024-05-31,73,1588
2024-05-31,74,1403
2024-05-31,75,1440
2024-05-31,76,1365
2024-05-31,77,1496
2024-05-31,78,1533
2024-05-31,79,1578
2024-05-31,80,1530
2024-05-31,81,1643
2024-05-31,82,1526
2024-05-31,83,1549
2024-05-31,84,1761
2024-05-31,85,1663
2024-05-31,86,1655
2024-05-31,87,1673
2024-05-31,88,1465
2024-05-31,89,1669
2024-05-31,90,1567
2024-05-31,91,1524
2024-05-31,92,1624
2024-05-31,93,1299
2024-05-31,94,1513
2024-05-31,95,1782
2024-05-31,96,1463
2024-05-31,97,1515
2024-05-31,98,1525
2024-05-31,99,1505
2024-05-31,100,1457
2024-06-30,1,1727
2024-06-30,2,1487
2024-06-30,3,1389
2024-06-30,4,1404
2024-06-30,5,1516
2024-06-30,6,1658
2024-06-30,7,1586
2024-06-30,8,1606
2024-06-30,9,1329
2024-06-30,10,1362
2024-06-30,11,1473
2024-06-30,12,1452
2024-06-30,13,1433
2024-06-30,14,1445
2024-06-30,15,1500
2024-06-30,16,1545
2024-06-30,17,1426
2024-06-30,18,1514
2024-06-30,19,1560
2024-06-30,20,1465
2024-06-30,21,1558
2024-06-30,22,1412
2024-06-30,23,1368
2024-06-30,24,1633
2024-06-30,25,1564
2024-06-30,26,1527
2024-06-30,27,1587
2024-06-30,28,1507
2024-06-30,29,1462
2024-06-30,30,1386
2024-06-30,31,1456
2024-06-30,32,1398
2024-06-30,33,1511
2024-06-30,34,1340
2024-06-30,35,1593
2024-06-30,36,1474
2024-06-30,37,1491
2024-06-30,38,1492
2024-06-30,39,1402
2024-06-30,40,1656
2024-06-30,41,1651
2024-06-30,42,1541
2024-06-30,43,1581
2024-06-30,44,1420
2024-06-30,45,1499
2024-06-30,46,1555
2024-06-30,47,1346
2024-06-30,48,1510
2024-06-30,49,1343
2024-06-30,50,1461
2024-06-30,51,1467
2024-06-30,52,1497
2024-06-30,53,1381
2024-06-30,54,1597
2024-06-30,55,1480
2024-06-30,56,1464
2024-06-30,57,1518
2024-06-30,58,1584
2024-06-30,59,1520
2024-06-30,60,1483
2024-06-30,61,1453
2024-06-30,62,1344
2024-06-30,63,1409
2024-06-30,64,1408
2024-06-30,65,1529
2024-06-30,66,1619
2024-06-30,67,1421
2024-06-30,68,1441
2024-06-30,69,1331
2024-06-30,70,1342
2024-06-30,71,1482
2024-06-30,72,1590
2024-06-30,73,1567
2024-06-30,74,1611
2024-06-30,75,1617
2024-06-30,76,1428
2024-06-30,77,1404
2024-06-30,78,1485
2024-06-30,79,1516
2024-06-30,80,1581
2024-06-30,81,1477
2024-06-30,82,1530
2024-06-30,83,1605
2024-06-30,84,1372
2024-06-30,85,1404
2024-06-30,86,1537
2024-06-30,87,1576
2024-06-30,88,1271
2024-06-30,89,1386
2024-06-30,90,1483
2024-06-30,91,1605
2024-06-30,92,1401
2024-06-30,93,1541
2024-06-30,94,1288
2024-06-30,95,1588
2024-06-30,96,1402
2024-06-30,97,1405
2024-06-30,98,1549
2024-06-30,99,1494
2024-06-30,100,1445
2024-07-31,1,1493
2024-07-31,2,1550
2024-07-31,3,1520
2024-07-31,4,1723
2024-07-31,5,1617
2024-07-31,6,1562
2024-07-31,7,1643
2024-07-31,8,1542
2024-07-31,9,1404
2024-07-31,10,1487
2024-07-31,11,1402
2024-07-31,12,1618
2024-07-31,13,1568
2024-07-31,14,1634
2024-07-31,15,1545
2024-07-31,16,1330
2024-07-31,17,1648
2024-07-31,18,1246
2024-07-31,19,1404
2024-07-31,20,1539
2024-07-31,21,1660
2024-07-31,22,1555
2024-07-31,23,1766
2024-07-31,24,1460
2024-07-31,25,1605
2024-07-31,26,1575
2024-07-31,27,1548
2024-07-31,28,1584
2024-07-31,29,1385
2024-07-31,30,1526
2024-07-31,31,1522
2024-07-31,32,1318
2024-07-31,33,1387
2024-07-31,34,1444
2024-07-31,35,1383
2024-07-31,36,1494
2024-07-31,37,1585
2024-07-31,38,1619
2024-07-31,39,1567
2024-07-31,40,1608
2024-07-31,41,1551
2024-07-31,42,1488
2024-07-31,43,1431
2024-07-31,44,1556
2024-07-31,45,1543
2024-07-31,46,1599
2024-07-31,47,1477
2024-07-31,48,1462
2024-07-31,49,1502
2024-07-31,50,1563
2024-07-31,51,1504
2024-07-31,52,1114
2024-07-31,53,1525
2024-07-31,54,1529
2024-07-31,55,1560
2024-07-31,56,1608
2024-07-31,57,1592
2024-07-31,58,1639
2024-07-31,59,1546
2024-07-31,60,1730
2024-07-31,61,1693
2024-07-31,62,1458
2024-07-31,63,1747
2024-07-31,64,1610
2024-07-31,65,1361
2024-07-31,66,1532
2024-07-31,67,1541
2024-07-31,68,1461
2024-07-31,69,1601
2024-07-31,70,1632
2024-07-31,71,1586
2024-07-31,72,1751
2024-07-31,73,1399
2024-07-31,74,1607
2024-07-31,75,1352
2024-07-31,76,1341
2024-07-31,77,1544
2024-07-31,78,1556
2024-07-31,79,1727
2024-07-31,80,1722
2024-07-31,81,1592
2024-07-31,82,1609
2024-07-31,83,1707
2024-07-31,84,1699
2024-07-31,85,1321
2024-07-31,86,1649
2024-07-31,87,1316
2024-07-31,88,1528
2024-07-31,89,1722
2024-07-31,90,1605
2024-07-31,91,1520
2024-07-31,92,1563
2024-07-31,93,1295
2024-07-31,94,1561
2024-07-31,95,1686
2024-07-31,96,1487
2024-07-31,97,1589
2024-07-31,98,1611
2024-07-31,99,1385
2024-07-31,100,1597
2024-08-31,1,1330
2024-08-31,2,1330
2024-08-31,3,1468
2024-08-31,4,1658
2024-08-31,5,1387
2024-08-31,6,1664
2024-08-31,7,1549
2024-08-31,8,1600
2024-08-31,9,1464
2024-08-31,10,1644
2024-08-31,11,1463
2024-08-31,12,1514
2024-08-31,13,1687
2024-08-31,14,1448
2024-08-31,15,1454
2024-08-31,16,1515
2024-08-31,17,1461
2024-08-31,18,1570
2024-08-31,19,1493
2024-08-31,20,1387
2024-08-31,21,1536
2024-08-31,22,1352
2024-08-31,23,1647
2024-08-31,24,1489
2024-08-31,25,1529
2024-08-31,26,1542
2024-08-31,27,1542
2024-08-31,28,1589
2024-08-31,29,1581
2024-08-31,30,1470
2024-08-31,31,1504
2024-08-31,32,1567
2024-08-31,33,1673
2024-08-31,34,1528
2024-08-31,35,1540
2024-08-31,36,1415
2024-08-31,37,1448
2024-08-31,38,1421
2024-08-31,39,1557
2024-08-31,40,1637
2024-08-31,41,1573
2024-08-31,42,1492
2024-08-31,43,1506
2024-08-31,44,1181
2024-08-31,45,1526
2024-08-31,46,1640
2024-08-31,47,1422
2024-08-31,48,1595
2024-08-31,49,1581
2024-08-31,50,1635
2024-08-31,51,1304
2024-08-31,52,1485
2024-08-31,53,1722
2024-08-31,54,1463
2024-08-31,55,1451
2024-08-31,56,1585
2024-08-31,57,1402
2024-08-31,58,1686
2024-08-31,59,1594
2024-08-31,60,1469
2024-08-31,61,1564
2024-08-31,62,1542
2024-08-31,63,1531
2024-08-31,64,1525
2024-08-31,65,1787
2024-08-31,66,1582
2024-08-31,67,1699
2024-08-31,68,1632
2024-08-31,69,1450
2024-08-31,70,1321
2024-08-31,71,1529
2024-08-31,72,1563
2024-08-31,73,1635
2024-08-31,74,1652
2024-08-31,75,1307
2024-08-31,76,1781
2024-08-31,77,1380
2024-08-31,78,1398
2024-08-31,79,1681
2024-08-31,80,1494
2024-08-31,81,1441
2024-08-31,82,1597
2024-08-31,83,1473
2024-08-31,84,1564
2024-08-31,85,1558
2024-08-31,86,1528
2024-08-31,87,1557
2024-08-31,88,1271
2024-08-31,89,1371
2024-08-31,90,1439
2024-08-31,91,1561
2024-08-31,92,1403
2024-08-31,93,1617
2024-08-31,94,1326
2024-08-31,95,1502
2024-08-31,96,1558
2024-08-31,97,1494
2024-08-31,98,1516
2024-08-31,99,1486
2024-08-31,100,1566
2024-09-30,1,1680
2024-09-30,2,1538
2024-09-30,3,1559
2024-09-30,4,1492
2024-09-30,5,1366
2024-09-30,6,1265
2024-09-30,7,1559
2024-09-30,8,1515
2024-09-30,9,1324
2024-09-30,10,1535
2024-09-30,11,1459
2024-09-30,12,1404
2024-09-30,13,1520
2024-09-30,14,1680
2024-09-30,15,1503
2024-09-30,16,1536
2024-09-30,17,1356
2024-09-30,18,1745
2024-09-30,19,1586
2024-09-30,20,1384
2024-09-30,21,1561
2024-09-30,22,1474
2024-09-30,23,1426
2024-09-30,24,1417
2024-09-30,25,1553
2024-09-30,26,1435
2024-09-30,27,1437
2024-09-30,28,1436
2024-09-30,29,1591
2024-09-30,30,1408
2024-09-30,31,1587
2024-09-30,32,1383
2024-09-30,33,1410
2024-09-30,34,1656
2024-09-30,35,1689
2024-09-30,36,1394
2024-09-30,37,1540
2024-09-30,38,1329
2024-09-30,39,1557
2024-09-30,40,1261
2024-09-30,41,1399
2024-09-30,42,1516
2024-09-30,43,1501
2024-09-30,44,1475
2024-09-30,45,1453
2024-09-30,46,1625
2024-09-30,47,1512
2024-09-30,48,1508
2024-09-30,49,1610
2024-09-30,50,1394
2024-09-30,51,1656
2024-09-30,52,1536
2024-09-30,53,1496
2024-09-30,54,1386
2024-09-30,55,1445
2024-09-30,56,1346
2024-09-30,57,1380
2024-09-30,58,1597
2024-09-30,59,1604
2024-09-30,60,1567
2024-09-30,61,1505
2024-09-30,62,1499
2024-09-30,63,1522
2024-09-30,64,1430
2024-09-30,65,1612
2024-09-30,66,1579
2024-09-30,67,1551
2024-09-30,68,1635
2024-09-30,69,1564
2024-09-30,70,1468
2024-09-30,71,1541
2024-09-30,72,1504
2024-09-30,73,1565
2024-09-30,74,1306
2024-09-30,75,1446
2024-09-30,76,1414
2024-09-30,77,1319
2024-09-30,78,1490
2024-09-30,79,1273
2024-09-30,80,1522
2024-09-30,81,1654
2024-09-30,82,1501
2024-09-30,83,1492
2024-09-30,84,1562
2024-09-30,85,1335
2024-09-30,86,1405
2024-09-30,87,1370
2024-09-30,88,1560
2024-09-30,89,1414
2024-09-30,90,1487
2024-09-30,91,1520
2024-09-30,92,1666
2024-09-30,93,1622
2024-09-30,94,1617
2024-09-30,95,1443
2024-09-30,96,1264
2024-09-30,97,1380
2024-09-30,98,1458
2024-09-30,99,1269
2024-09-30,100,1581
2024-10-31,1,1601
2024-10-31,2,1629
2024-10-31,3,1219
2024-10-31,4,1568
2024-10-31,5,1377
2024-10-31,6,1666
2024-10-31,7,1466
2024-10-31,8,1401
2024-10-31,9,1458
2024-10-31,10,1744
2024-10-31,11,1258
2024-10-31,12,1461
2024-10-31,13,1438
2024-10-31,14,1627
2024-10-31,15,1543
2024-10-31,16,1528
2024-10-31,17,1460
2024-10-31,18,1380
2024-10-31,19,1513
2024-10-31,20,1436
2024-10-31,21,1570
2024-10-31,22,1759
2024-10-31,23,1329
2024-10-31,24,1594
2024-10-31,25,1259
2024-10-31,26,1389
2024-10-31,27,1602
2024-10-31,28,1501
2024-10-31,29,1440
2024-10-31,30,1325
2024-10-31,31,1727
2024-10-31,32,1415
2024-10-31,33,1528
2024-10-31,34,1342
2024-10-31,35,1529
2024-10-31,36,1558
2024-10-31,37,1508
2024-10-31,38,1399
2024-10-31,39,1378
2024-10-31,40,1407
2024-10-31,41,1464
2024-10-31,42,1701
2024-10-31,43,1472
2024-10-31,44,1518
2024-10-31,45,1264
2024-10-31,46,1669
2024-10-31,47,1603
2024-10-31,48,1644
2024-10-31,49,1572
2024-10-31,50,1548
2024-10-31,51,1500
2024-10-31,52,1546
2024-10-31,53,1670
2024-10-31,54,1407
2024-10-31,55,1648
2024-10-31,56,1461
2024-10-31,57,1548
2024-10-31,58,1549
2024-10-31,59,1436
2024-10-31,60,1688
2024-10-31,61,1582
2024-10-31,62,1618
2024-10-31,63,1808
2024-10-31,64,1599
2024-10-31,65,1523
2024-10-31,66,1371
2024-10-31,67,1732
2024-10-31,68,1587
2024-10-31,69,1392
2024-10-31,70,1396
2024-10-31,71,1625
2024-10-31,72,1540
2024-10-31,73,1647
2024-10-31,74,1674
2024-10-31,75,1450
2024-10-31,76,1604
2024-10-31,77,1634
2024-10-31,78,1535
2024-10-31,79,1605
2024-10-31,80,1555
2024-10-31,81,1620
2024-10-31,82,1399
2024-10-31,83,1565
2024-10-31,84,1492
2024-10-31,85,1696
2024-10-31,86,1524
2024-10-31,87,1458
2024-10-31,88,1592
2024-10-31,89,1519
2024-10-31,90,1511
2024-10-31,91,1680
2024-10-31,92,1402
2024-10-31,93,1471
2024-10-31,94,1468
2024-10-31,95,1545
2024-10-31,96,1595
2024-10-31,97,1586
2024-10-31,98,1411
2024-10-31,99,1427
2024-10-31,100,1454
2024-11-30,1,1561
2024-11-30,2,1593
2024-11-30,3,1410
2024-11-30,4,1404
2024-11-30,5,1707
2024-11-30,6,1449
2024-11-30,7,1726
2024-11-30,8,1543
2024-11-30,9,1390
2024-11-30,10,1505
2024-11-30,11,1489
2024-11-30,12,1390
2024-11-30,13,1469
2024-11-30,14,1581
2024-11-30,15,1508
2024-11-30,16,1545
2024-11-30,17,1743
2024-11-30,18,1480
2024-11-30,19,1520
2024-11-30,20,1411
2024-11-30,21,1465
2024-11-30,22,1530
2024-11-30,23,1667
2024-11-30,24,1446
2024-11-30,25,1234
2024-11-30,26,1531
2024-11-30,27,1557
2024-11-30,28,1554
2024-11-30,29,1362
2024-11-30,30,1402
2024-11-30,31,1417
2024-11-30,32,1399
2024-11-30,33,1623
2024-11-30,34,1582
2024-11-30,35,1638
2024-11-30,36,1381
2024-11-30,37,1476
2024-11-30,38,1481
2024-11-30,39,1309
2024-11-30,40,1563
2024-11-30,41,1354
2024-11-30,42,1559
2024-11-30,43,1284
2024-11-30,44,1571
2024-11-30,45,1445
2024-11-30,46,1504
2024-11-30,47,1399
2024-11-30,48,1419
2024-11-30,49,1405
2024-11-30,50,1541
2024-11-30,51,1600
2024-11-30,52,1571
2024-11-30,53,1592
2024-11-30,54,1450
2024-11-30,55,1601
2024-11-30,56,1429
2024-11-30,57,1423
2024-11-30,58,1372
2024-11-30,59,1230
2024-11-30,60,1406
2024-11-30,61,1619
2024-11-30,62,1470
2024-11-30,63,1530
2024-11-30,64,1477
2024-11-30,65,1348
2024-11-30,66,1483
2024-11-30,67,1457
2024-11-30,68,1536
2024-11-30,69,1503
2024-11-30,70,1347
2024-11-30,71,1538
2024-11-30,72,1501
2024-11-30,73,1414
2024-11-30,74,1397
2024-11-30,75,1326
2024-11-30,76,1589
2024-11-30,77,1727
2024-11-30,78,1535
2024-11-30,79,1765
2024-11-30,80,1335
2024-11-30,81,1439
2024-11-30,82,1416
2024-11-30,83,1510
2024-11-30,84,1620
2024-11-30,85,1550
2024-11-30,86,1487
2024-11-30,87,1573
2024-11-30,88,1495
2024-11-30,89,1519
2024-11-30,90,1377
2024-11-30,91,1511
2024-11-30,92,1535
2024-11-30,93,1494
2024-11-30,94,1463
2024-11-30,95,1323
2024-11-30,96,1472
2024-11-30,97,1550
2024-11-30,98,1634
2024-11-30,99,1515
2024-11-30,100,1277
2024-12-31,1,1502
2024-12-31,2,1648
2024-12-31,3,1448
2024-12-31,4,1779
2024-12-31,5,1523
2024-12-31,6,1535
2024-12-31,7,1682
2024-12-31,8,1507
2024-12-31,9,1368
2024-12-31,10,1731
2024-12-31,11,1523
2024-12-31,12,1570
2024-12-31,13,1399
2024-12-31,14,1380
2024-12-31,15,1437
2024-12-31,16,1467
2024-12-31,17,1609
2024-12-31,18,1589
2024-12-31,19,1518
2024-12-31,20,1590
2024-12-31,21,1189
2024-12-31,22,1561
2024-12-31,23,1431
2024-12-31,24,1624
2024-12-31,25,1562
2024-12-31,26,1358
2024-12-31,27,1424
2024-12-31,28,1626
2024-12-31,29,1578
2024-12-31,30,1585
2024-12-31,31,1392
2024-12-31,32,1515
2024-12-31,33,1516
2024-12-31,34,1679
2024-12-31,35,1469
2024-12-31,36,1536
2024-12-31,37,1663
2024-12-31,38,1630
2024-12-31,39,1526
2024-12-31,40,1457
2024-12-31,41,1508
2024-12-31,42,1422
2024-12-31,43,1476
2024-12-31,44,1351
2024-12-31,45,1549
2024-12-31,46,1481
2024-12-31,47,1703
2024-12-31,48,1357
2024-12-31,49,1597
2024-12-31,50,1483
2024-12-31,51,1648
2024-12-31,52,1690
2024-12-31,53,1616
2024-12-31,54,1453
2024-12-31,55,1486
2024-12-31,56,1475
2024-12-31,57,1579
2024-12-31,58,1610
2024-12-31,59,1574
2024-12-31,60,1571
2024-12-31,61,1551
2024-12-31,62,1472
2024-12-31,63,1489
2024-12-31,64,1476
2024-12-31,65,1480
2024-12-31,66,1563
2024-12-31,67,1628
2024-12-31,68,1444
2024-12-31,69,1499
2024-12-31,70,1649
2024-12-31,71,1512
2024-12-31,72,1562
2024-12-31,73,1565
2024-12-31,74,1678
2024-12-31,75,1387
2024-12-31,76,1480
2024-12-31,77,1633
2024-12-31,78,1756
2024-12-31,79,1297
2024-12-31,80,1653
2024-12-31,81,1564
2024-12-31,82,1489
2024-12-31,83,1487
2024-12-31,84,1547
2024-12-31,85,1469
2024-12-31,86,1603
2024-12-31,87,1640
2024-12-31,88,1338
2024-12-31,89,1600
2024-12-31,90,1815
2024-12-31,91,1553
2024-12-31,92,1504
2024-12-31,93,1503
2024-12-31,94,1438
2024-12-31,95,1476
2024-12-31,96,1465
2024-12-31,97,1536
2024-12-31,98,1469
2024-12-31,99,1559
2024-12-31,100,1593
2025-01-31,1,103
2025-01-31,2,112
2025-01-31,3,98
2025-01-31,4,122
2025-01-31,5,122
2025-01-31,6,121
2025-01-31,7,44
2025-01-31,8,90
2025-01-31,9,61
2025-01-31,10,129
2025-01-31,11,87
2025-01-31,12,142
2025-01-31,13,61
2025-01-31,14,141
2025-01-31,15,123
2025-01-31,16,74
2025-01-31,17,80
2025-01-31,18,74
2025-01-31,19,81
2025-01-31,20,100
2025-01-31,21,66
2025-01-31,22,41
2025-01-31,23,92
2025-01-31,24,122
2025-01-31,25,82
2025-01-31,26,103
2025-01-31,27,81
2025-01-31,28,149
2025-01-31,29,102
2025-01-31,30,82
2025-01-31,31,28
2025-01-31,32,69
2025-01-31,33,117
2025-01-31,34,89
2025-01-31,35,128
2025-01-31,36,96
2025-01-31,37,102
2025-01-31,38,111
2025-01-31,39,117
2025-01-31,40,113
2025-01-31,41,72
2025-01-31,42,41
2025-01-31,43,115
2025-01-31,44,96
2025-01-31,45,55
2025-01-31,46,74
2025-01-31,47,141
2025-01-31,48,124
2025-01-31,49,109
2025-01-31,50,115
2025-01-31,51,87
2025-01-31,52,100
2025-01-31,53,96
2025-01-31,54,68
2025-01-31,55,146
2025-01-31,56,67
2025-01-31,57,94
2025-01-31,58,33
2025-01-31,59,110
2025-01-31,60,89
2025-01-31,61,70
2025-01-31,62,81
2025-01-31,63,26
2025-01-31,64,104
2025-01-31,65,54
2025-01-31,66,94
2025-01-31,67,89
2025-01-31,68,91
2025-01-31,69,93
2025-01-31,70,71
2025-01-31,71,91
2025-01-31,72,74
2025-01-31,73,104
2025-01-31,74,140
2025-01-31,75,43
2025-01-31,76,113
2025-01-31,77,129
2025-01-31,78,129
2025-01-31,79,93
2025-01-31,80,110
2025-01-31,81,123
2025-01-31,82,76
2025-01-31,83,29
2025-01-31,84,131
2025-01-31,85,99
2025-01-31,86,69
2025-01-31,87,87
2025-01-31,88,112
2025-01-31,89,143
2025-01-31,90,57
2025-01-31,91,66
2025-01-31,92,137
2025-01-31,93,106
2025-01-31,94,88
2025-01-31,95,107
2025-01-31,96,111
2025-01-31,97,80
2025-01-31,98,111
2025-01-31,99,123
2025-01-31,100,92
