product_id,date,sales_quantity,average_temperature,precipitation,inflation_rate,unemployment_rate,discount_rate,is_campaign
6,2022-01-01,58,14,Sunny,16,10,0.0,0
6,2022-01-02,30,7,Sunny,16,10,0.0,0
6,2022-01-03,49,27,Cloudy,16,10,0.0,0
6,2022-01-04,43,9,Cloudy,16,10,0.0,0
6,2022-01-05,54,19,Rainy,16,10,0.0,0
6,2022-01-06,47,26,Cloudy,16,10,0.0,0
6,2022-01-07,39,10,Sunny,16,10,0.0,0
6,2022-01-08,8,14,Rainy,16,10,0.0,0
6,2022-01-09,47,26,Cloudy,16,10,0.0,0
6,2022-01-10,44,14,Cloudy,16,10,0.0,0
6,2022-01-11,2,16,Cloudy,16,10,0.0,0
6,2022-01-12,81,16,Sunny,16,10,0.0,0
6,2022-01-13,23,18,Sunny,16,10,0.0,0
6,2022-01-14,37,13,Rainy,16,10,0.0,0
6,2022-01-15,42,20,Sunny,16,10,0.0,0
6,2022-01-16,49,18,Sunny,16,10,0.0,0
6,2022-01-17,55,19,Cloudy,16,10,0.0,0
6,2022-01-18,68,22,Sunny,16,10,0.0,0
6,2022-01-19,59,12,Cloudy,16,10,0.0,0
6,2022-01-20,58,21,Cloudy,16,10,0.0,0
6,2022-01-21,59,6,Rainy,16,10,0.0,0
6,2022-01-22,54,19,Sunny,16,10,0.0,0
6,2022-01-23,74,25,Rainy,16,10,0.0,0
6,2022-01-24,37,20,Sunny,16,10,0.0,0
6,2022-01-25,30,18,Cloudy,16,10,0.0,0
6,2022-01-26,77,12,Cloudy,16,10,0.0,0
6,2022-01-27,34,16,Sunny,16,10,0.0,0
6,2022-01-28,43,26,Rainy,16,10,0.0,0
6,2022-01-29,27,6,Rainy,16,10,0.0,0
6,2022-01-30,68,8,Cloudy,16,10,0.0,0
6,2022-01-31,33,5,Sunny,16,10,0.0,0
6,2022-02-01,53,26,Cloudy,9,8,0.0,0
6,2022-02-02,64,11,Sunny,9,8,0.0,0
6,2022-02-03,27,27,Cloudy,9,8,0.0,0
6,2022-02-04,44,18,Sunny,9,8,0.0,0
6,2022-02-05,70,9,Cloudy,9,8,0.0,0
6,2022-02-06,57,12,Rainy,9,8,0.0,0
6,2022-02-07,62,26,Sunny,9,8,0.0,0
6,2022-02-08,53,19,Cloudy,9,8,0.0,0
6,2022-02-09,64,15,Cloudy,9,8,0.0,0
6,2022-02-10,65,7,Rainy,9,8,0.0,0
6,2022-02-11,74,18,Rainy,9,8,0.0,0
6,2022-02-12,62,24,Rainy,9,8,0.0,0
6,2022-02-13,52,10,Sunny,9,8,0.0,0
6,2022-02-14,47,28,Rainy,9,8,0.0,0
6,2022-02-15,51,28,Rainy,9,8,0.0,0
6,2022-02-16,46,22,Rainy,9,8,0.0,0
6,2022-02-17,7,26,Rainy,9,8,0.0,0
6,2022-02-18,44,24,Rainy,9,8,0.0,0
6,2022-02-19,25,12,Rainy,9,8,0.0,0
6,2022-02-20,73,21,Sunny,9,8,0.0,0
6,2022-02-21,57,26,Sunny,9,8,0.0,0
6,2022-02-22,79,7,Cloudy,9,8,0.0,0
6,2022-02-23,35,25,Sunny,9,8,0.0,0
6,2022-02-24,45,13,Cloudy,9,8,0.0,0
6,2022-02-25,55,19,Rainy,9,8,0.0,0
6,2022-02-26,25,29,Cloudy,9,8,0.0,0
6,2022-02-27,57,7,Sunny,9,8,0.0,0
6,2022-02-28,55,16,Rainy,9,8,0.0,0
6,2022-03-01,49,12,Cloudy,3,10,0.0,0
6,2022-03-02,14,14,Rainy,3,10,0.0,0
6,2022-03-03,51,17,Rainy,3,10,0.0,0
6,2022-03-04,93,27,Rainy,3,10,0.0,0
6,2022-03-05,35,9,Rainy,3,10,0.0,0
6,2022-03-06,48,9,Rainy,3,10,0.0,0
6,2022-03-07,31,28,Cloudy,3,10,0.0,0
6,2022-03-08,71,20,Sunny,3,10,0.0,0
6,2022-03-09,95,7,Cloudy,3,10,0.0,0
6,2022-03-10,90,25,Cloudy,3,10,0.0,0
6,2022-03-11,51,17,Cloudy,3,10,0.0,0
6,2022-03-12,14,15,Rainy,3,10,0.0,0
6,2022-03-13,58,12,Rainy,3,10,0.0,0
6,2022-03-14,41,26,Sunny,3,10,0.0,0
6,2022-03-15,58,29,Rainy,3,10,0.0,0
6,2022-03-16,46,22,Sunny,3,10,0.0,0
6,2022-03-17,37,11,Rainy,3,10,0.0,0
6,2022-03-18,37,18,Cloudy,3,10,0.0,0
6,2022-03-19,56,16,Rainy,3,10,0.0,0
6,2022-03-20,48,15,Cloudy,3,10,0.0,0
6,2022-03-21,54,7,Sunny,3,10,0.0,0
6,2022-03-22,30,23,Rainy,3,10,0.0,0
6,2022-03-23,59,23,Rainy,3,10,0.0,0
6,2022-03-24,18,17,Rainy,3,10,0.0,0
6,2022-03-25,40,7,Cloudy,3,10,0.0,0
6,2022-03-26,38,15,Sunny,3,10,0.0,0
6,2022-03-27,27,19,Cloudy,3,10,0.0,0
6,2022-03-28,56,29,Sunny,3,10,0.0,0
6,2022-03-29,46,22,Cloudy,3,10,0.0,0
6,2022-03-30,38,24,Cloudy,3,10,0.0,0
6,2022-03-31,15,28,Sunny,3,10,0.0,0
6,2022-04-01,83,8,Cloudy,7,6,0.0,0
6,2022-04-02,86,28,Cloudy,7,6,0.0,0
6,2022-04-03,79,17,Sunny,7,6,0.0,0
6,2022-04-04,49,13,Cloudy,7,6,0.0,0
6,2022-04-05,51,20,Sunny,7,6,0.0,0
6,2022-04-06,65,7,Cloudy,7,6,0.0,0
6,2022-04-07,51,23,Cloudy,7,6,0.0,0
6,2022-04-08,1,5,Rainy,7,6,0.0,0
6,2022-04-09,24,8,Sunny,7,6,0.0,0
6,2022-04-10,31,29,Cloudy,7,6,0.0,0
6,2022-04-11,28,23,Sunny,7,6,0.0,0
6,2022-04-12,34,22,Cloudy,7,6,0.0,0
6,2022-04-13,29,22,Cloudy,7,6,0.0,0
6,2022-04-14,65,26,Cloudy,7,6,0.0,0
6,2022-04-15,47,27,Cloudy,7,6,0.0,0
6,2022-04-16,22,25,Rainy,7,6,0.0,0
6,2022-04-17,33,11,Sunny,7,6,0.0,0
6,2022-04-18,30,6,Sunny,7,6,0.0,0
6,2022-04-19,36,9,Cloudy,7,6,0.0,0
6,2022-04-20,67,25,Rainy,7,6,0.0,0
6,2022-04-21,5,19,Cloudy,7,6,0.0,0
6,2022-04-22,63,21,Cloudy,7,6,0.0,0
6,2022-04-23,24,14,Sunny,7,6,0.0,0
6,2022-04-24,37,14,Sunny,7,6,0.0,0
6,2022-04-25,20,6,Sunny,7,6,0.0,0
6,2022-04-26,42,12,Cloudy,7,6,0.0,0
6,2022-04-27,54,25,Rainy,7,6,0.0,0
6,2022-04-28,26,10,Rainy,7,6,0.0,0
6,2022-04-29,32,29,Sunny,7,6,0.0,0
6,2022-04-30,91,7,Cloudy,7,6,0.0,0
6,2022-05-01,57,23,Sunny,3,14,0.0,0
6,2022-05-02,15,6,Sunny,3,14,0.0,0
6,2022-05-03,35,19,Cloudy,3,14,0.0,0
6,2022-05-04,0,12,Cloudy,3,14,0.0,0
6,2022-05-05,52,29,Sunny,3,14,0.0,0
6,2022-05-06,61,24,Cloudy,3,14,0.0,0
6,2022-05-07,63,18,Cloudy,3,14,0.0,0
6,2022-05-08,42,22,Sunny,3,14,0.0,0
6,2022-05-09,34,6,Sunny,3,14,0.0,0
6,2022-05-10,13,27,Rainy,3,14,0.0,0
6,2022-05-11,73,18,Rainy,3,14,0.0,0
6,2022-05-12,33,9,Sunny,3,14,0.0,0
6,2022-05-13,39,28,Sunny,3,14,0.0,0
6,2022-05-14,33,29,Sunny,3,14,0.0,0
6,2022-05-15,40,8,Sunny,3,14,0.0,0
6,2022-05-16,16,28,Cloudy,3,14,0.0,0
6,2022-05-17,36,6,Cloudy,3,14,0.0,0
6,2022-05-18,50,6,Cloudy,3,14,0.0,0
6,2022-05-19,46,27,Rainy,3,14,0.0,0
6,2022-05-20,68,16,Sunny,3,14,0.0,0
6,2022-05-21,66,13,Cloudy,3,14,0.0,0
6,2022-05-22,32,7,Cloudy,3,14,0.0,0
6,2022-05-23,102,20,Rainy,3,14,0.0,0
6,2022-05-24,42,19,Cloudy,3,14,0.0,0
6,2022-05-25,69,19,Cloudy,3,14,0.0,0
6,2022-05-26,60,27,Cloudy,3,14,0.0,0
6,2022-05-27,57,5,Cloudy,3,14,0.0,0
6,2022-05-28,69,6,Rainy,3,14,0.0,0
6,2022-05-29,62,14,Rainy,3,14,0.0,0
6,2022-05-30,40,25,Rainy,3,14,0.0,0
6,2022-05-31,49,5,Cloudy,3,14,0.0,0
6,2022-06-01,7,11,Cloudy,17,5,0.0,0
6,2022-06-02,71,19,Sunny,17,5,0.0,0
6,2022-06-03,36,15,Cloudy,17,5,0.0,0
6,2022-06-04,19,12,Cloudy,17,5,0.0,0
6,2022-06-05,49,17,Sunny,17,5,0.0,0
6,2022-06-06,52,28,Sunny,17,5,0.0,0
6,2022-06-07,72,11,Sunny,17,5,0.0,0
6,2022-06-08,52,14,Rainy,17,5,0.0,0
6,2022-06-09,52,27,Rainy,17,5,0.0,0
6,2022-06-10,21,21,Cloudy,17,5,0.0,0
6,2022-06-11,36,10,Sunny,17,5,0.0,0
6,2022-06-12,44,26,Cloudy,17,5,0.0,0
6,2022-06-13,7,24,Rainy,17,5,0.0,0
6,2022-06-14,26,21,Cloudy,17,5,0.0,0
6,2022-06-15,47,29,Rainy,17,5,0.0,0
6,2022-06-16,85,12,Sunny,17,5,0.0,0
6,2022-06-17,53,23,Sunny,17,5,0.0,0
6,2022-06-18,53,5,Rainy,17,5,0.0,0
6,2022-06-19,58,18,Rainy,17,5,0.0,0
6,2022-06-20,47,6,Rainy,17,5,0.0,0
6,2022-06-21,42,5,Sunny,17,5,0.0,0
6,2022-06-22,56,11,Sunny,17,5,0.0,0
6,2022-06-23,30,19,Rainy,17,5,0.0,0
6,2022-06-24,38,27,Cloudy,17,5,0.0,0
6,2022-06-25,46,10,Sunny,17,5,0.0,0
6,2022-06-26,45,27,Rainy,17,5,0.0,0
6,2022-06-27,17,22,Sunny,17,5,0.0,0
6,2022-06-28,87,12,Sunny,17,5,0.0,0
6,2022-06-29,58,5,Cloudy,17,5,0.0,0
6,2022-06-30,70,24,Sunny,17,5,0.0,0
6,2022-07-01,35,29,Cloudy,6,14,0.0,0
6,2022-07-02,68,15,Sunny,6,14,0.0,0
6,2022-07-03,45,17,Sunny,6,14,0.0,0
6,2022-07-04,77,21,Rainy,6,14,0.0,0
6,2022-07-05,19,10,Sunny,6,14,0.0,0
6,2022-07-06,29,17,Rainy,6,14,0.0,0
6,2022-07-07,63,9,Rainy,6,14,0.0,0
6,2022-07-08,31,8,Cloudy,6,14,0.0,0
6,2022-07-09,56,22,Cloudy,6,14,0.0,0
6,2022-07-10,63,9,Cloudy,6,14,0.0,0
6,2022-07-11,59,24,Cloudy,6,14,0.0,0
6,2022-07-12,41,8,Cloudy,6,14,0.0,0
6,2022-07-13,40,13,Rainy,6,14,0.0,0
6,2022-07-14,103,22,Sunny,6,14,0.0,0
6,2022-07-15,55,14,Rainy,6,14,0.0,0
6,2022-07-16,59,24,Sunny,6,14,0.0,0
6,2022-07-17,27,21,Cloudy,6,14,0.0,0
6,2022-07-18,31,22,Cloudy,6,14,0.0,0
6,2022-07-19,0,5,Rainy,6,14,0.0,0
6,2022-07-20,39,28,Cloudy,6,14,0.0,0
6,2022-07-21,45,10,Sunny,6,14,0.0,0
6,2022-07-22,19,13,Sunny,6,14,0.0,0
6,2022-07-23,38,18,Sunny,6,14,0.0,0
6,2022-07-24,65,27,Sunny,6,14,0.0,0
6,2022-07-25,27,26,Rainy,6,14,0.0,0
6,2022-07-26,35,7,Sunny,6,14,0.0,0
6,2022-07-27,56,20,Cloudy,6,14,0.0,0
6,2022-07-28,74,12,Cloudy,6,14,0.0,0
6,2022-07-29,21,12,Cloudy,6,14,0.0,0
6,2022-07-30,21,29,Sunny,6,14,0.0,0
6,2022-07-31,47,22,Cloudy,6,14,0.0,0
6,2022-08-01,33,24,Sunny,3,14,0.0,0
6,2022-08-02,45,6,Sunny,3,14,0.0,0
6,2022-08-03,70,25,Sunny,3,14,0.0,0
6,2022-08-04,37,24,Cloudy,3,14,0.0,0
6,2022-08-05,93,13,Cloudy,3,14,0.0,0
6,2022-08-06,68,6,Sunny,3,14,0.0,0
6,2022-08-07,63,7,Sunny,3,14,0.0,0
6,2022-08-08,50,24,Sunny,3,14,0.0,0
6,2022-08-09,38,7,Sunny,3,14,0.0,0
6,2022-08-10,69,29,Sunny,3,14,0.0,0
6,2022-08-11,65,27,Sunny,3,14,0.0,0
6,2022-08-12,51,17,Sunny,3,14,0.0,0
6,2022-08-13,35,17,Rainy,3,14,0.0,0
6,2022-08-14,37,22,Cloudy,3,14,0.0,0
6,2022-08-15,76,25,Cloudy,3,14,0.0,0
6,2022-08-16,44,23,Cloudy,3,14,0.0,0
6,2022-08-17,29,6,Sunny,3,14,0.0,0
6,2022-08-18,64,7,Rainy,3,14,0.0,0
6,2022-08-19,106,6,Sunny,3,14,0.0,0
6,2022-08-20,71,20,Cloudy,3,14,0.0,0
6,2022-08-21,83,27,Rainy,3,14,0.0,0
6,2022-08-22,55,20,Rainy,3,14,0.0,0
6,2022-08-23,74,27,Cloudy,3,14,0.0,0
6,2022-08-24,28,19,Rainy,3,14,0.0,0
6,2022-08-25,6,10,Sunny,3,14,0.0,0
6,2022-08-26,36,10,Rainy,3,14,0.0,0
6,2022-08-27,78,20,Sunny,3,14,0.0,0
6,2022-08-28,74,20,Sunny,3,14,0.0,0
6,2022-08-29,60,18,Sunny,3,14,0.0,0
6,2022-08-30,45,9,Cloudy,3,14,0.0,0
6,2022-08-31,45,13,Rainy,3,14,0.0,0
6,2022-09-01,24,17,Rainy,6,10,0.0,0
6,2022-09-02,78,15,Rainy,6,10,0.0,0
6,2022-09-03,48,26,Cloudy,6,10,0.0,0
6,2022-09-04,44,11,Sunny,6,10,0.0,0
6,2022-09-05,52,11,Sunny,6,10,0.0,0
6,2022-09-06,49,23,Sunny,6,10,0.0,0
6,2022-09-07,49,10,Cloudy,6,10,0.0,0
6,2022-09-08,10,9,Cloudy,6,10,0.0,0
6,2022-09-09,54,10,Sunny,6,10,0.0,0
6,2022-09-10,35,23,Rainy,6,10,0.0,0
6,2022-09-11,38,13,Sunny,6,10,0.0,0
6,2022-09-12,56,7,Cloudy,6,10,0.0,0
6,2022-09-13,62,16,Rainy,6,10,0.0,0
6,2022-09-14,84,28,Sunny,6,10,0.0,0
6,2022-09-15,86,22,Cloudy,6,10,0.0,0
6,2022-09-16,33,25,Sunny,6,10,0.0,0
6,2022-09-17,49,6,Rainy,6,10,0.0,0
6,2022-09-18,40,26,Cloudy,6,10,0.0,0
6,2022-09-19,33,16,Rainy,6,10,0.0,0
6,2022-09-20,48,14,Cloudy,6,10,0.0,0
6,2022-09-21,44,6,Rainy,6,10,0.0,0
6,2022-09-22,36,11,Sunny,6,10,0.0,0
6,2022-09-23,58,24,Sunny,6,10,0.0,0
6,2022-09-24,75,27,Sunny,6,10,0.0,0
6,2022-09-25,66,15,Rainy,6,10,0.0,0
6,2022-09-26,36,24,Sunny,6,10,0.0,0
6,2022-09-27,23,29,Rainy,6,10,0.0,0
6,2022-09-28,46,14,Sunny,6,10,0.0,0
6,2022-09-29,67,10,Sunny,6,10,0.0,0
6,2022-09-30,53,5,Rainy,6,10,0.0,0
6,2022-10-01,39,15,Cloudy,19,6,0.0,0
6,2022-10-02,56,7,Cloudy,19,6,0.0,0
6,2022-10-03,66,12,Rainy,19,6,0.0,0
6,2022-10-04,42,8,Cloudy,19,6,0.0,0
6,2022-10-05,16,7,Rainy,19,6,0.0,0
6,2022-10-06,36,7,Cloudy,19,6,0.0,0
6,2022-10-07,39,11,Rainy,19,6,0.0,0
6,2022-10-08,52,9,Cloudy,19,6,0.0,0
6,2022-10-09,54,22,Sunny,19,6,0.0,0
6,2022-10-10,73,28,Cloudy,19,6,0.0,0
6,2022-10-11,95,23,Rainy,19,6,0.0,0
6,2022-10-12,55,22,Cloudy,19,6,0.0,0
6,2022-10-13,41,12,Sunny,19,6,0.0,0
6,2022-10-14,51,27,Sunny,19,6,0.0,0
6,2022-10-15,39,14,Sunny,19,6,0.0,0
6,2022-10-16,53,15,Sunny,19,6,0.0,0
6,2022-10-17,42,23,Rainy,19,6,0.0,0
6,2022-10-18,44,29,Sunny,19,6,0.0,0
6,2022-10-19,28,18,Sunny,19,6,0.0,0
6,2022-10-20,7,27,Rainy,19,6,0.0,0
6,2022-10-21,60,17,Rainy,19,6,0.0,0
6,2022-10-22,39,10,Rainy,19,6,0.0,0
6,2022-10-23,68,28,Cloudy,19,6,0.0,0
6,2022-10-24,54,10,Sunny,19,6,0.0,0
6,2022-10-25,86,26,Sunny,19,6,0.0,0
6,2022-10-26,66,14,Sunny,19,6,0.0,0
6,2022-10-27,81,11,Cloudy,19,6,0.0,0
6,2022-10-28,53,25,Cloudy,19,6,0.0,0
6,2022-10-29,47,23,Cloudy,19,6,0.0,0
6,2022-10-30,22,20,Rainy,19,6,0.0,0
6,2022-10-31,52,29,Cloudy,19,6,0.0,0
6,2022-11-01,49,19,Rainy,6,9,0.0,0
6,2022-11-02,59,5,Sunny,6,9,0.0,0
6,2022-11-03,68,17,Sunny,6,9,0.0,0
6,2022-11-04,65,21,Rainy,6,9,0.0,0
6,2022-11-05,43,5,Rainy,6,9,0.0,0
6,2022-11-06,57,23,Sunny,6,9,0.0,0
6,2022-11-07,38,24,Cloudy,6,9,0.0,0
6,2022-11-08,42,26,Sunny,6,9,0.0,0
6,2022-11-09,42,20,Sunny,6,9,0.0,0
6,2022-11-10,73,23,Sunny,6,9,0.0,0
6,2022-11-11,38,6,Cloudy,6,9,0.0,0
6,2022-11-12,69,16,Rainy,6,9,0.0,0
6,2022-11-13,22,19,Cloudy,6,9,0.0,0
6,2022-11-14,42,16,Cloudy,6,9,0.0,0
6,2022-11-15,54,12,Sunny,6,9,0.0,0
6,2022-11-16,28,18,Sunny,6,9,0.0,0
6,2022-11-17,53,10,Cloudy,6,9,0.0,0
6,2022-11-18,71,15,Cloudy,6,9,0.0,0
6,2022-11-19,20,29,Cloudy,6,9,0.0,0
6,2022-11-20,44,10,Sunny,6,9,0.0,0
6,2022-11-21,24,25,Sunny,6,9,0.0,0
6,2022-11-22,89,21,Cloudy,6,9,0.0,0
6,2022-11-23,36,29,Rainy,6,9,0.0,0
6,2022-11-24,58,16,Rainy,6,9,0.0,0
6,2022-11-25,55,9,Cloudy,6,9,0.0,0
6,2022-11-26,32,22,Sunny,6,9,0.0,0
6,2022-11-27,35,22,Cloudy,6,9,0.0,0
6,2022-11-28,72,24,Sunny,6,9,0.0,0
6,2022-11-29,48,6,Cloudy,6,9,0.0,0
6,2022-11-30,65,19,Rainy,6,9,0.0,0
6,2022-12-01,34,9,Rainy,0,7,0.0,0
6,2022-12-02,49,15,Sunny,0,7,0.0,0
6,2022-12-03,38,19,Rainy,0,7,0.0,0
6,2022-12-04,35,18,Sunny,0,7,0.0,0
6,2022-12-05,92,19,Sunny,0,7,0.0,0
6,2022-12-06,40,24,Sunny,0,7,0.0,0
6,2022-12-07,30,24,Rainy,0,7,0.0,0
6,2022-12-08,33,22,Rainy,0,7,0.0,0
6,2022-12-09,42,11,Sunny,0,7,0.0,0
6,2022-12-10,35,10,Sunny,0,7,0.0,0
6,2022-12-11,40,6,Rainy,0,7,0.0,0
6,2022-12-12,38,19,Sunny,0,7,0.0,0
6,2022-12-13,30,5,Sunny,0,7,0.0,0
6,2022-12-14,40,16,Sunny,0,7,0.0,0
6,2022-12-15,17,15,Rainy,0,7,0.0,0
6,2022-12-16,57,14,Cloudy,0,7,0.0,0
6,2022-12-17,62,23,Sunny,0,7,0.0,0
6,2022-12-18,66,25,Rainy,0,7,0.0,0
6,2022-12-19,42,5,Sunny,0,7,0.0,0
6,2022-12-20,36,26,Cloudy,0,7,0.0,0
6,2022-12-21,65,9,Cloudy,0,7,0.0,0
6,2022-12-22,62,22,Sunny,0,7,0.0,0
6,2022-12-23,60,15,Rainy,0,7,0.0,0
6,2022-12-24,42,29,Cloudy,0,7,0.0,0
6,2022-12-25,61,10,Cloudy,0,7,0.0,0
6,2022-12-26,36,27,Sunny,0,7,0.0,0
6,2022-12-27,57,12,Sunny,0,7,0.0,0
6,2022-12-28,32,9,Sunny,0,7,0.0,0
6,2022-12-29,43,23,Rainy,0,7,0.0,0
6,2022-12-30,80,6,Cloudy,0,7,0.0,0
6,2022-12-31,47,12,Cloudy,0,7,0.0,0
6,2023-01-01,66,15,Rainy,10,14,0.0,0
6,2023-01-02,68,17,Sunny,10,14,0.0,0
6,2023-01-03,29,29,Sunny,10,14,0.0,0
6,2023-01-04,1,6,Rainy,10,14,0.0,0
6,2023-01-05,86,17,Sunny,10,14,0.0,0
6,2023-01-06,62,27,Sunny,10,14,0.0,0
6,2023-01-07,53,26,Cloudy,10,14,0.0,0
6,2023-01-08,52,7,Rainy,10,14,0.0,0
6,2023-01-09,70,8,Rainy,10,14,0.0,0
6,2023-01-10,46,9,Sunny,10,14,0.0,0
6,2023-01-11,39,15,Sunny,10,14,0.0,0
6,2023-01-12,67,20,Sunny,10,14,0.0,0
6,2023-01-13,42,28,Cloudy,10,14,0.0,0
6,2023-01-14,63,13,Sunny,10,14,0.0,0
6,2023-01-15,28,22,Sunny,10,14,0.0,0
6,2023-01-16,58,8,Rainy,10,14,0.0,0
6,2023-01-17,68,7,Cloudy,10,14,0.0,0
6,2023-01-18,94,16,Cloudy,10,14,0.0,0
6,2023-01-19,43,14,Sunny,10,14,0.0,0
6,2023-01-20,61,17,Rainy,10,14,0.0,0
6,2023-01-21,19,20,Cloudy,10,14,0.0,0
6,2023-01-22,62,23,Sunny,10,14,0.0,0
6,2023-01-23,24,22,Sunny,10,14,0.0,0
6,2023-01-24,63,18,Sunny,10,14,0.0,0
6,2023-01-25,49,24,Rainy,10,14,0.0,0
6,2023-01-26,50,25,Sunny,10,14,0.0,0
6,2023-01-27,97,23,Cloudy,10,14,0.0,0
6,2023-01-28,33,13,Sunny,10,14,0.0,0
6,2023-01-29,29,10,Cloudy,10,14,0.0,0
6,2023-01-30,31,27,Sunny,10,14,0.0,0
6,2023-01-31,49,17,Cloudy,10,14,0.0,0
6,2023-02-01,47,9,Cloudy,17,9,0.0,0
6,2023-02-02,16,9,Rainy,17,9,0.0,0
6,2023-02-03,42,9,Rainy,17,9,0.0,0
6,2023-02-04,79,20,Sunny,17,9,0.0,0
6,2023-02-05,55,24,Rainy,17,9,0.0,0
6,2023-02-06,37,25,Rainy,17,9,0.0,0
6,2023-02-07,75,25,Cloudy,17,9,0.0,0
6,2023-02-08,43,8,Cloudy,17,9,0.0,0
6,2023-02-09,43,7,Cloudy,17,9,0.0,0
6,2023-02-10,35,18,Cloudy,17,9,0.0,0
6,2023-02-11,48,28,Sunny,17,9,0.0,0
6,2023-02-12,93,10,Sunny,17,9,0.0,0
6,2023-02-13,28,20,Rainy,17,9,0.0,0
6,2023-02-14,75,25,Cloudy,17,9,0.0,0
6,2023-02-15,50,7,Rainy,17,9,0.0,0
6,2023-02-16,39,13,Sunny,17,9,0.0,0
6,2023-02-17,31,12,Rainy,17,9,0.0,0
6,2023-02-18,63,13,Rainy,17,9,0.0,0
6,2023-02-19,55,28,Sunny,17,9,0.0,0
6,2023-02-20,78,8,Rainy,17,9,0.0,0
6,2023-02-21,68,28,Rainy,17,9,0.0,0
6,2023-02-22,17,22,Cloudy,17,9,0.0,0
6,2023-02-23,64,16,Sunny,17,9,0.0,0
6,2023-02-24,48,23,Cloudy,17,9,0.0,0
6,2023-02-25,44,23,Sunny,17,9,0.0,0
6,2023-02-26,62,8,Cloudy,17,9,0.0,0
6,2023-02-27,33,24,Rainy,17,9,0.0,0
6,2023-02-28,50,21,Rainy,17,9,0.0,0
6,2023-03-01,59,21,Rainy,7,14,0.0,0
6,2023-03-02,44,12,Cloudy,7,14,0.0,0
6,2023-03-03,58,11,Cloudy,7,14,0.0,0
6,2023-03-04,45,14,Cloudy,7,14,0.0,0
6,2023-03-05,77,15,Rainy,7,14,0.0,0
6,2023-03-06,68,10,Sunny,7,14,0.0,0
6,2023-03-07,48,5,Sunny,7,14,0.0,0
6,2023-03-08,81,9,Sunny,7,14,0.0,0
6,2023-03-09,43,12,Cloudy,7,14,0.0,0
6,2023-03-10,89,28,Sunny,7,14,0.0,0
6,2023-03-11,92,7,Rainy,7,14,0.0,0
6,2023-03-12,88,25,Rainy,7,14,0.0,0
6,2023-03-13,22,9,Cloudy,7,14,0.0,0
6,2023-03-14,6,13,Cloudy,7,14,0.0,0
6,2023-03-15,53,27,Rainy,7,14,0.0,0
6,2023-03-16,37,21,Cloudy,7,14,0.0,0
6,2023-03-17,77,11,Rainy,7,14,0.0,0
6,2023-03-18,54,21,Cloudy,7,14,0.0,0
6,2023-03-19,36,21,Sunny,7,14,0.0,0
6,2023-03-20,73,14,Sunny,7,14,0.0,0
6,2023-03-21,41,10,Rainy,7,14,0.0,0
6,2023-03-22,33,25,Cloudy,7,14,0.0,0
6,2023-03-23,19,26,Rainy,7,14,0.0,0
6,2023-03-24,68,16,Cloudy,7,14,0.0,0
6,2023-03-25,47,9,Rainy,7,14,0.0,0
6,2023-03-26,28,6,Sunny,7,14,0.0,0
6,2023-03-27,40,24,Sunny,7,14,0.0,0
6,2023-03-28,64,15,Cloudy,7,14,0.0,0
6,2023-03-29,92,10,Cloudy,7,14,0.0,0
6,2023-03-30,76,16,Cloudy,7,14,0.0,0
6,2023-03-31,7,28,Sunny,7,14,0.0,0
6,2023-04-01,17,24,Rainy,7,12,0.0,0
6,2023-04-02,88,27,Sunny,7,12,0.0,0
6,2023-04-03,58,20,Sunny,7,12,0.0,0
6,2023-04-04,60,22,Sunny,7,12,0.0,0
6,2023-04-05,51,28,Cloudy,7,12,0.0,0
6,2023-04-06,0,9,Cloudy,7,12,0.0,0
6,2023-04-07,73,15,Sunny,7,12,0.0,0
6,2023-04-08,89,25,Sunny,7,12,0.0,0
6,2023-04-09,41,12,Cloudy,7,12,0.0,0
6,2023-04-10,39,25,Cloudy,7,12,0.0,0
6,2023-04-11,0,21,Rainy,7,12,0.0,0
6,2023-04-12,80,8,Rainy,7,12,0.0,0
6,2023-04-13,42,12,Sunny,7,12,0.0,0
6,2023-04-14,33,14,Sunny,7,12,0.0,0
6,2023-04-15,57,11,Cloudy,7,12,0.0,0
6,2023-04-16,47,12,Sunny,7,12,0.0,0
6,2023-04-17,34,22,Sunny,7,12,0.0,0
6,2023-04-18,40,18,Cloudy,7,12,0.0,0
6,2023-04-19,43,18,Sunny,7,12,0.0,0
6,2023-04-20,41,10,Cloudy,7,12,0.0,0
6,2023-04-21,42,18,Cloudy,7,12,0.0,0
6,2023-04-22,31,21,Cloudy,7,12,0.0,0
6,2023-04-23,71,18,Cloudy,7,12,0.0,0
6,2023-04-24,30,18,Sunny,7,12,0.0,0
6,2023-04-25,38,8,Cloudy,7,12,0.0,0
6,2023-04-26,82,12,Cloudy,7,12,0.0,0
6,2023-04-27,78,15,Cloudy,7,12,0.0,0
6,2023-04-28,66,28,Cloudy,7,12,0.0,0
6,2023-04-29,51,15,Cloudy,7,12,0.0,0
6,2023-04-30,51,25,Sunny,7,12,0.0,0
6,2023-05-01,78,10,Cloudy,13,4,0.0,0
6,2023-05-02,15,28,Cloudy,13,4,0.0,0
6,2023-05-03,39,7,Cloudy,13,4,0.0,0
6,2023-05-04,41,28,Cloudy,13,4,0.0,0
6,2023-05-05,53,26,Sunny,13,4,0.0,0
6,2023-05-06,81,9,Cloudy,13,4,0.0,0
6,2023-05-07,64,5,Sunny,13,4,0.0,0
6,2023-05-08,60,26,Sunny,13,4,0.0,0
6,2023-05-09,70,10,Cloudy,13,4,0.0,0
6,2023-05-10,25,25,Cloudy,13,4,0.0,0
6,2023-05-11,29,20,Sunny,13,4,0.0,0
6,2023-05-12,85,8,Cloudy,13,4,0.0,0
6,2023-05-13,83,8,Sunny,13,4,0.0,0
6,2023-05-14,51,7,Sunny,13,4,0.0,0
6,2023-05-15,48,16,Cloudy,13,4,0.0,0
6,2023-05-16,36,12,Cloudy,13,4,0.0,0
6,2023-05-17,20,28,Cloudy,13,4,0.0,0
6,2023-05-18,55,21,Rainy,13,4,0.0,0
6,2023-05-19,61,8,Cloudy,13,4,0.0,0
6,2023-05-20,21,11,Cloudy,13,4,0.0,0
6,2023-05-21,32,21,Sunny,13,4,0.0,0
6,2023-05-22,24,22,Rainy,13,4,0.0,0
6,2023-05-23,49,24,Rainy,13,4,0.0,0
6,2023-05-24,44,5,Cloudy,13,4,0.0,0
6,2023-05-25,43,12,Sunny,13,4,0.0,0
6,2023-05-26,21,14,Rainy,13,4,0.0,0
6,2023-05-27,33,23,Cloudy,13,4,0.0,0
6,2023-05-28,64,20,Rainy,13,4,0.0,0
6,2023-05-29,93,23,Sunny,13,4,0.0,0
6,2023-05-30,77,5,Cloudy,13,4,0.0,0
6,2023-05-31,41,21,Cloudy,13,4,0.0,0
6,2023-06-01,84,23,Sunny,6,5,0.0,0
6,2023-06-02,20,6,Rainy,6,5,0.0,0
6,2023-06-03,58,22,Sunny,6,5,0.0,0
6,2023-06-04,54,23,Rainy,6,5,0.0,0
6,2023-06-05,46,13,Cloudy,6,5,0.0,0
6,2023-06-06,51,16,Rainy,6,5,0.0,0
6,2023-06-07,66,26,Rainy,6,5,0.0,0
6,2023-06-08,44,10,Sunny,6,5,0.0,0
6,2023-06-09,54,20,Sunny,6,5,0.0,0
6,2023-06-10,61,22,Cloudy,6,5,0.0,0
6,2023-06-11,49,15,Cloudy,6,5,0.0,0
6,2023-06-12,40,10,Sunny,6,5,0.0,0
6,2023-06-13,42,14,Cloudy,6,5,0.0,0
6,2023-06-14,72,27,Rainy,6,5,0.0,0
6,2023-06-15,52,9,Cloudy,6,5,0.0,0
6,2023-06-16,67,12,Sunny,6,5,0.0,0
6,2023-06-17,25,10,Rainy,6,5,0.0,0
6,2023-06-18,0,10,Rainy,6,5,0.0,0
6,2023-06-19,35,12,Cloudy,6,5,0.0,0
6,2023-06-20,67,25,Sunny,6,5,0.0,0
6,2023-06-21,37,26,Cloudy,6,5,0.0,0
6,2023-06-22,40,22,Sunny,6,5,0.0,0
6,2023-06-23,38,22,Sunny,6,5,0.0,0
6,2023-06-24,61,20,Cloudy,6,5,0.0,0
6,2023-06-25,60,29,Sunny,6,5,0.0,0
6,2023-06-26,26,13,Rainy,6,5,0.0,0
6,2023-06-27,31,16,Cloudy,6,5,0.0,0
6,2023-06-28,35,5,Rainy,6,5,0.0,0
6,2023-06-29,63,14,Sunny,6,5,0.0,0
6,2023-06-30,64,8,Sunny,6,5,0.0,0
6,2023-07-01,30,12,Cloudy,14,4,0.0,0
6,2023-07-02,57,29,Rainy,14,4,0.0,0
6,2023-07-03,29,7,Rainy,14,4,0.0,0
6,2023-07-04,58,11,Rainy,14,4,0.0,0
6,2023-07-05,71,12,Sunny,14,4,0.0,0
6,2023-07-06,15,5,Rainy,14,4,0.0,0
6,2023-07-07,86,15,Cloudy,14,4,0.0,0
6,2023-07-08,48,18,Cloudy,14,4,0.0,0
6,2023-07-09,23,28,Cloudy,14,4,0.0,0
6,2023-07-10,38,15,Sunny,14,4,0.0,0
6,2023-07-11,57,13,Rainy,14,4,0.0,0
6,2023-07-12,21,5,Sunny,14,4,0.0,0
6,2023-07-13,64,14,Rainy,14,4,0.0,0
6,2023-07-14,38,28,Sunny,14,4,0.0,0
6,2023-07-15,73,23,Sunny,14,4,0.0,0
6,2023-07-16,43,19,Rainy,14,4,0.0,0
6,2023-07-17,53,19,Rainy,14,4,0.0,0
6,2023-07-18,25,7,Sunny,14,4,0.0,0
6,2023-07-19,60,25,Cloudy,14,4,0.0,0
6,2023-07-20,9,8,Cloudy,14,4,0.0,0
6,2023-07-21,39,13,Sunny,14,4,0.0,0
6,2023-07-22,55,23,Sunny,14,4,0.0,0
6,2023-07-23,4,29,Rainy,14,4,0.0,0
6,2023-07-24,29,12,Cloudy,14,4,0.0,0
6,2023-07-25,71,7,Cloudy,14,4,0.0,0
6,2023-07-26,71,28,Sunny,14,4,0.0,0
6,2023-07-27,60,8,Sunny,14,4,0.0,0
6,2023-07-28,65,17,Cloudy,14,4,0.0,0
6,2023-07-29,42,8,Cloudy,14,4,0.0,0
6,2023-07-30,71,11,Sunny,14,4,0.0,0
6,2023-07-31,52,19,Cloudy,14,4,0.0,0
6,2023-08-01,14,26,Cloudy,8,8,0.0,0
6,2023-08-02,25,19,Rainy,8,8,0.0,0
6,2023-08-03,79,11,Rainy,8,8,0.0,0
6,2023-08-04,0,20,Sunny,8,8,0.0,0
6,2023-08-05,0,5,Cloudy,8,8,0.0,0
6,2023-08-06,45,9,Rainy,8,8,0.0,0
6,2023-08-07,72,28,Sunny,8,8,0.0,0
6,2023-08-08,47,10,Rainy,8,8,0.0,0
6,2023-08-09,36,29,Sunny,8,8,0.0,0
6,2023-08-10,95,5,Rainy,8,8,0.0,0
6,2023-08-11,46,7,Sunny,8,8,0.0,0
6,2023-08-12,49,12,Rainy,8,8,0.0,0
6,2023-08-13,51,20,Sunny,8,8,0.0,0
6,2023-08-14,38,19,Sunny,8,8,0.0,0
6,2023-08-15,36,17,Sunny,8,8,0.0,0
6,2023-08-16,46,25,Rainy,8,8,0.0,0
6,2023-08-17,75,6,Rainy,8,8,0.0,0
6,2023-08-18,52,21,Sunny,8,8,0.0,0
6,2023-08-19,59,23,Sunny,8,8,0.0,0
6,2023-08-20,37,16,Cloudy,8,8,0.0,0
6,2023-08-21,84,6,Cloudy,8,8,0.0,0
6,2023-08-22,27,25,Sunny,8,8,0.0,0
6,2023-08-23,54,11,Sunny,8,8,0.0,0
6,2023-08-24,32,15,Cloudy,8,8,0.0,0
6,2023-08-25,31,14,Rainy,8,8,0.0,0
6,2023-08-26,44,20,Cloudy,8,8,0.0,0
6,2023-08-27,38,19,Cloudy,8,8,0.0,0
6,2023-08-28,37,6,Rainy,8,8,0.0,0
6,2023-08-29,29,10,Sunny,8,8,0.0,0
6,2023-08-30,12,21,Sunny,8,8,0.0,0
6,2023-08-31,67,15,Rainy,8,8,0.0,0
6,2023-09-01,36,15,Sunny,9,4,0.0,0
6,2023-09-02,45,23,Sunny,9,4,0.0,0
6,2023-09-03,26,5,Sunny,9,4,0.0,0
6,2023-09-04,104,8,Rainy,9,4,0.0,0
6,2023-09-05,61,20,Rainy,9,4,0.0,0
6,2023-09-06,90,16,Sunny,9,4,0.0,0
6,2023-09-07,71,7,Sunny,9,4,0.0,0
6,2023-09-08,61,9,Cloudy,9,4,0.0,0
6,2023-09-09,90,25,Cloudy,9,4,0.0,0
6,2023-09-10,13,17,Rainy,9,4,0.0,0
6,2023-09-11,51,19,Sunny,9,4,0.0,0
6,2023-09-12,32,16,Cloudy,9,4,0.0,0
6,2023-09-13,26,15,Rainy,9,4,0.0,0
6,2023-09-14,10,14,Sunny,9,4,0.0,0
6,2023-09-15,53,25,Sunny,9,4,0.0,0
6,2023-09-16,61,28,Rainy,9,4,0.0,0
6,2023-09-17,70,24,Cloudy,9,4,0.0,0
6,2023-09-18,38,23,Cloudy,9,4,0.0,0
6,2023-09-19,50,18,Rainy,9,4,0.0,0
6,2023-09-20,90,24,Sunny,9,4,0.0,0
6,2023-09-21,33,26,Rainy,9,4,0.0,0
6,2023-09-22,68,22,Cloudy,9,4,0.0,0
6,2023-09-23,29,10,Sunny,9,4,0.0,0
6,2023-09-24,76,26,Rainy,9,4,0.0,0
6,2023-09-25,56,5,Cloudy,9,4,0.0,0
6,2023-09-26,42,25,Cloudy,9,4,0.0,0
6,2023-09-27,52,21,Sunny,9,4,0.0,0
6,2023-09-28,59,27,Rainy,9,4,0.0,0
6,2023-09-29,74,25,Rainy,9,4,0.0,0
6,2023-09-30,30,27,Rainy,9,4,0.0,0
6,2023-10-01,30,7,Sunny,17,3,0.0,0
6,2023-10-02,83,21,Sunny,17,3,0.0,0
6,2023-10-03,52,7,Cloudy,17,3,0.0,0
6,2023-10-04,20,18,Rainy,17,3,0.0,0
6,2023-10-05,95,18,Rainy,17,3,0.0,0
6,2023-10-06,41,11,Sunny,17,3,0.0,0
6,2023-10-07,53,25,Sunny,17,3,0.0,0
6,2023-10-08,48,19,Cloudy,17,3,0.0,0
6,2023-10-09,56,24,Rainy,17,3,0.0,0
6,2023-10-10,92,13,Rainy,17,3,0.0,0
6,2023-10-11,51,26,Cloudy,17,3,0.0,0
6,2023-10-12,37,27,Rainy,17,3,0.0,0
6,2023-10-13,75,23,Sunny,17,3,0.0,0
6,2023-10-14,45,13,Rainy,17,3,0.0,0
6,2023-10-15,49,27,Sunny,17,3,0.0,0
6,2023-10-16,61,6,Rainy,17,3,0.0,0
6,2023-10-17,74,9,Cloudy,17,3,0.0,0
6,2023-10-18,39,25,Rainy,17,3,0.0,0
6,2023-10-19,54,24,Cloudy,17,3,0.0,0
6,2023-10-20,58,26,Rainy,17,3,0.0,0
6,2023-10-21,58,5,Rainy,17,3,0.0,0
6,2023-10-22,36,27,Rainy,17,3,0.0,0
6,2023-10-23,47,9,Cloudy,17,3,0.0,0
6,2023-10-24,56,27,Sunny,17,3,0.0,0
6,2023-10-25,47,29,Cloudy,17,3,0.0,0
6,2023-10-26,59,22,Sunny,17,3,0.0,0
6,2023-10-27,57,14,Cloudy,17,3,0.0,0
6,2023-10-28,37,23,Rainy,17,3,0.0,0
6,2023-10-29,66,26,Cloudy,17,3,0.0,0
6,2023-10-30,39,28,Cloudy,17,3,0.0,0
6,2023-10-31,47,25,Cloudy,17,3,0.0,0
6,2023-11-01,35,20,Rainy,3,11,0.0,0
6,2023-11-02,30,21,Rainy,3,11,0.0,0
6,2023-11-03,54,29,Cloudy,3,11,0.0,0
6,2023-11-04,39,24,Cloudy,3,11,0.0,0
6,2023-11-05,35,18,Rainy,3,11,0.0,0
6,2023-11-06,18,10,Cloudy,3,11,0.0,0
6,2023-11-07,49,9,Sunny,3,11,0.0,0
6,2023-11-08,40,6,Sunny,3,11,0.0,0
6,2023-11-09,71,14,Rainy,3,11,0.0,0
6,2023-11-10,11,20,Cloudy,3,11,0.0,0
6,2023-11-11,54,24,Rainy,3,11,0.0,0
6,2023-11-12,62,14,Sunny,3,11,0.0,0
6,2023-11-13,39,22,Cloudy,3,11,0.0,0
6,2023-11-14,84,22,Sunny,3,11,0.0,0
6,2023-11-15,52,19,Rainy,3,11,0.0,0
6,2023-11-16,81,10,Rainy,3,11,0.0,0
6,2023-11-17,61,27,Rainy,3,11,0.0,0
6,2023-11-18,51,20,Sunny,3,11,0.0,0
6,2023-11-19,55,5,Rainy,3,11,0.0,0
6,2023-11-20,27,29,Sunny,3,11,0.0,0
6,2023-11-21,72,7,Cloudy,3,11,0.0,0
6,2023-11-22,18,9,Sunny,3,11,0.0,0
6,2023-11-23,60,15,Cloudy,3,11,0.0,0
6,2023-11-24,52,8,Sunny,3,11,0.0,0
6,2023-11-25,66,5,Rainy,3,11,0.0,0
6,2023-11-26,63,26,Cloudy,3,11,0.0,0
6,2023-11-27,19,29,Sunny,3,11,0.0,0
6,2023-11-28,49,5,Cloudy,3,11,0.0,0
6,2023-11-29,64,14,Sunny,3,11,0.0,0
6,2023-11-30,51,8,Rainy,3,11,0.0,0
6,2023-12-01,47,22,Cloudy,6,3,0.0,0
6,2023-12-02,39,15,Cloudy,6,3,0.0,0
6,2023-12-03,50,6,Cloudy,6,3,0.0,0
6,2023-12-04,71,23,Sunny,6,3,0.0,0
6,2023-12-05,56,27,Cloudy,6,3,0.0,0
6,2023-12-06,29,12,Rainy,6,3,0.0,0
6,2023-12-07,110,7,Cloudy,6,3,0.0,0
6,2023-12-08,57,29,Sunny,6,3,0.0,0
6,2023-12-09,93,20,Sunny,6,3,0.0,0
6,2023-12-10,75,24,Rainy,6,3,0.0,0
6,2023-12-11,48,5,Cloudy,6,3,0.0,0
6,2023-12-12,10,14,Cloudy,6,3,0.0,0
6,2023-12-13,76,6,Rainy,6,3,0.0,0
6,2023-12-14,54,11,Cloudy,6,3,0.0,0
6,2023-12-15,66,22,Rainy,6,3,0.0,0
6,2023-12-16,0,11,Cloudy,6,3,0.0,0
6,2023-12-17,34,7,Sunny,6,3,0.0,0
6,2023-12-18,38,21,Rainy,6,3,0.0,0
6,2023-12-19,50,6,Sunny,6,3,0.0,0
6,2023-12-20,51,7,Cloudy,6,3,0.0,0
6,2023-12-21,36,7,Rainy,6,3,0.0,0
6,2023-12-22,49,17,Cloudy,6,3,0.0,0
6,2023-12-23,66,9,Cloudy,6,3,0.0,0
6,2023-12-24,28,17,Cloudy,6,3,0.0,0
6,2023-12-25,33,23,Cloudy,6,3,0.0,0
6,2023-12-26,55,8,Rainy,6,3,0.0,0
6,2023-12-27,65,6,Cloudy,6,3,0.0,0
6,2023-12-28,56,28,Cloudy,6,3,0.0,0
6,2023-12-29,59,14,Sunny,6,3,0.0,0
6,2023-12-30,52,26,Rainy,6,3,0.0,0
6,2023-12-31,27,13,Sunny,6,3,0.0,0
6,2024-01-01,29,18,Sunny,12,10,0.0,0
6,2024-01-02,40,23,Cloudy,12,10,0.0,0
6,2024-01-03,75,22,Rainy,12,10,0.0,0
6,2024-01-04,55,8,Rainy,12,10,0.0,0
6,2024-01-05,82,16,Sunny,12,10,0.0,0
6,2024-01-06,6,27,Sunny,12,10,0.0,0
6,2024-01-07,79,10,Cloudy,12,10,0.0,0
6,2024-01-08,24,15,Sunny,12,10,0.0,0
6,2024-01-09,36,15,Rainy,12,10,0.0,0
6,2024-01-10,69,13,Sunny,12,10,0.0,0
6,2024-01-11,47,28,Rainy,12,10,0.0,0
6,2024-01-12,40,15,Cloudy,12,10,0.0,0
6,2024-01-13,42,6,Sunny,12,10,0.0,0
6,2024-01-14,58,5,Sunny,12,10,0.0,0
6,2024-01-15,51,8,Rainy,12,10,0.0,0
6,2024-01-16,74,8,Rainy,12,10,0.0,0
6,2024-01-17,46,14,Rainy,12,10,0.0,0
6,2024-01-18,35,24,Cloudy,12,10,0.0,0
6,2024-01-19,43,25,Sunny,12,10,0.0,0
6,2024-01-20,52,26,Sunny,12,10,0.0,0
6,2024-01-21,57,16,Sunny,12,10,0.0,0
6,2024-01-22,7,25,Cloudy,12,10,0.0,0
6,2024-01-23,75,7,Rainy,12,10,0.0,0
6,2024-01-24,49,18,Rainy,12,10,0.0,0
6,2024-01-25,29,24,Rainy,12,10,0.0,0
6,2024-01-26,46,8,Cloudy,12,10,0.0,0
6,2024-01-27,52,14,Cloudy,12,10,0.0,0
6,2024-01-28,35,25,Rainy,12,10,0.0,0
6,2024-01-29,60,9,Sunny,12,10,0.0,0
6,2024-01-30,46,12,Rainy,12,10,0.0,0
6,2024-01-31,62,10,Sunny,12,10,0.0,0
6,2024-02-01,53,10,Rainy,2,8,0.0,0
6,2024-02-02,40,17,Cloudy,2,8,0.0,0
6,2024-02-03,44,13,Cloudy,2,8,0.0,0
6,2024-02-04,4,23,Rainy,2,8,0.0,0
6,2024-02-05,25,19,Cloudy,2,8,0.0,0
6,2024-02-06,57,12,Sunny,2,8,0.0,0
6,2024-02-07,53,23,Cloudy,2,8,0.0,0
6,2024-02-08,84,8,Cloudy,2,8,0.0,0
6,2024-02-09,69,21,Cloudy,2,8,0.0,0
6,2024-02-10,25,20,Sunny,2,8,0.0,0
6,2024-02-11,24,27,Sunny,2,8,0.0,0
6,2024-02-12,28,16,Cloudy,2,8,0.0,0
6,2024-02-13,49,23,Sunny,2,8,0.0,0
6,2024-02-14,100,11,Cloudy,2,8,0.0,0
6,2024-02-15,17,20,Cloudy,2,8,0.0,0
6,2024-02-16,18,6,Cloudy,2,8,0.0,0
6,2024-02-17,69,23,Cloudy,2,8,0.0,0
6,2024-02-18,43,25,Sunny,2,8,0.0,0
6,2024-02-19,53,10,Rainy,2,8,0.0,0
6,2024-02-20,45,15,Rainy,2,8,0.0,0
6,2024-02-21,54,5,Sunny,2,8,0.0,0
6,2024-02-22,33,16,Sunny,2,8,0.0,0
6,2024-02-23,63,16,Rainy,2,8,0.0,0
6,2024-02-24,65,23,Rainy,2,8,0.0,0
6,2024-02-25,0,13,Rainy,2,8,0.0,0
6,2024-02-26,47,20,Sunny,2,8,0.0,0
6,2024-02-27,66,5,Sunny,2,8,0.0,0
6,2024-02-28,23,28,Rainy,2,8,0.0,0
6,2024-02-29,56,11,Sunny,2,8,0.0,0
6,2024-03-01,54,10,Cloudy,17,6,0.0,0
6,2024-03-02,74,28,Rainy,17,6,0.0,0
6,2024-03-03,77,14,Sunny,17,6,0.0,0
6,2024-03-04,86,24,Rainy,17,6,0.0,0
6,2024-03-05,19,28,Sunny,17,6,0.0,0
6,2024-03-06,10,12,Cloudy,17,6,0.0,0
6,2024-03-07,53,9,Rainy,17,6,0.0,0
6,2024-03-08,25,5,Cloudy,17,6,0.0,0
6,2024-03-09,44,17,Sunny,17,6,0.0,0
6,2024-03-10,47,13,Rainy,17,6,0.0,0
6,2024-03-11,87,29,Sunny,17,6,0.0,0
6,2024-03-12,30,27,Sunny,17,6,0.0,0
6,2024-03-13,51,26,Sunny,17,6,0.0,0
6,2024-03-14,41,21,Cloudy,17,6,0.0,0
6,2024-03-15,80,12,Rainy,17,6,0.0,0
6,2024-03-16,35,18,Cloudy,17,6,0.0,0
6,2024-03-17,88,29,Sunny,17,6,0.0,0
6,2024-03-18,62,6,Cloudy,17,6,0.0,0
6,2024-03-19,58,7,Sunny,17,6,0.0,0
6,2024-03-20,66,7,Rainy,17,6,0.0,0
6,2024-03-21,20,24,Rainy,17,6,0.0,0
6,2024-03-22,46,7,Sunny,17,6,0.0,0
6,2024-03-23,13,12,Cloudy,17,6,0.0,0
6,2024-03-24,71,23,Rainy,17,6,0.0,0
6,2024-03-25,78,23,Cloudy,17,6,0.0,0
6,2024-03-26,60,21,Sunny,17,6,0.0,0
6,2024-03-27,46,9,Sunny,17,6,0.0,0
6,2024-03-28,61,29,Cloudy,17,6,0.0,0
6,2024-03-29,54,13,Sunny,17,6,0.0,0
6,2024-03-30,54,16,Sunny,17,6,0.0,0
6,2024-03-31,68,22,Sunny,17,6,0.0,0
6,2024-04-01,30,20,Sunny,2,7,0.0,0
6,2024-04-02,23,25,Cloudy,2,7,0.0,0
6,2024-04-03,55,10,Rainy,2,7,0.0,0
6,2024-04-04,52,15,Rainy,2,7,0.0,0
6,2024-04-05,42,9,Cloudy,2,7,0.0,0
6,2024-04-06,45,6,Sunny,2,7,0.0,0
6,2024-04-07,48,22,Sunny,2,7,0.0,0
6,2024-04-08,59,16,Rainy,2,7,0.0,0
6,2024-04-09,14,12,Rainy,2,7,0.0,0
6,2024-04-10,92,7,Cloudy,2,7,0.0,0
6,2024-04-11,81,27,Cloudy,2,7,0.0,0
6,2024-04-12,54,19,Rainy,2,7,0.0,0
6,2024-04-13,41,15,Sunny,2,7,0.0,0
6,2024-04-14,54,22,Cloudy,2,7,0.0,0
6,2024-04-15,79,9,Cloudy,2,7,0.0,0
6,2024-04-16,59,24,Rainy,2,7,0.0,0
6,2024-04-17,50,12,Cloudy,2,7,0.0,0
6,2024-04-18,53,25,Sunny,2,7,0.0,0
6,2024-04-19,22,17,Rainy,2,7,0.0,0
6,2024-04-20,59,11,Sunny,2,7,0.0,0
6,2024-04-21,46,20,Rainy,2,7,0.0,0
6,2024-04-22,53,5,Rainy,2,7,0.0,0
6,2024-04-23,55,20,Rainy,2,7,0.0,0
6,2024-04-24,74,6,Rainy,2,7,0.0,0
6,2024-04-25,7,23,Rainy,2,7,0.0,0
6,2024-04-26,52,5,Cloudy,2,7,0.0,0
6,2024-04-27,32,29,Cloudy,2,7,0.0,0
6,2024-04-28,32,21,Sunny,2,7,0.0,0
6,2024-04-29,75,8,Rainy,2,7,0.0,0
6,2024-04-30,108,12,Rainy,2,7,0.0,0
6,2024-05-01,75,6,Rainy,3,13,0.0,0
6,2024-05-02,33,26,Rainy,3,13,0.0,0
6,2024-05-03,48,5,Sunny,3,13,0.0,0
6,2024-05-04,60,23,Rainy,3,13,0.0,0
6,2024-05-05,76,18,Cloudy,3,13,0.0,0
6,2024-05-06,38,10,Sunny,3,13,0.0,0
6,2024-05-07,46,13,Rainy,3,13,0.0,0
6,2024-05-08,58,7,Cloudy,3,13,0.0,0
6,2024-05-09,31,17,Rainy,3,13,0.0,0
6,2024-05-10,56,25,Rainy,3,13,0.0,0
6,2024-05-11,40,27,Sunny,3,13,0.0,0
6,2024-05-12,41,13,Rainy,3,13,0.0,0
6,2024-05-13,25,15,Sunny,3,13,0.0,0
6,2024-05-14,69,15,Sunny,3,13,0.0,0
6,2024-05-15,66,12,Cloudy,3,13,0.0,0
6,2024-05-16,51,5,Cloudy,3,13,0.0,0
6,2024-05-17,44,14,Rainy,3,13,0.0,0
6,2024-05-18,61,19,Cloudy,3,13,0.0,0
6,2024-05-19,99,5,Rainy,3,13,0.0,0
6,2024-05-20,70,13,Cloudy,3,13,0.0,0
6,2024-05-21,49,12,Cloudy,3,13,0.0,0
6,2024-05-22,32,25,Sunny,3,13,0.0,0
6,2024-05-23,30,20,Sunny,3,13,0.0,0
6,2024-05-24,61,25,Sunny,3,13,0.0,0
6,2024-05-25,29,14,Cloudy,3,13,0.0,0
6,2024-05-26,46,8,Rainy,3,13,0.0,0
6,2024-05-27,53,17,Cloudy,3,13,0.0,0
6,2024-05-28,17,14,Sunny,3,13,0.0,0
6,2024-05-29,68,7,Cloudy,3,13,0.0,0
6,2024-05-30,46,11,Rainy,3,13,0.0,0
6,2024-05-31,41,15,Sunny,3,13,0.0,0
6,2024-06-01,27,21,Cloudy,4,4,0.0,0
6,2024-06-02,51,28,Sunny,4,4,0.0,0
6,2024-06-03,56,18,Cloudy,4,4,0.0,0
6,2024-06-04,42,20,Cloudy,4,4,0.0,0
6,2024-06-05,48,18,Cloudy,4,4,0.0,0
6,2024-06-06,18,20,Sunny,4,4,0.0,0
6,2024-06-07,67,14,Cloudy,4,4,0.0,0
6,2024-06-08,50,5,Cloudy,4,4,0.0,0
6,2024-06-09,43,11,Rainy,4,4,0.0,0
6,2024-06-10,52,6,Cloudy,4,4,0.0,0
6,2024-06-11,37,8,Rainy,4,4,0.0,0
6,2024-06-12,73,18,Sunny,4,4,0.0,0
6,2024-06-13,43,13,Cloudy,4,4,0.0,0
6,2024-06-14,71,27,Sunny,4,4,0.0,0
6,2024-06-15,57,29,Sunny,4,4,0.0,0
6,2024-06-16,76,5,Sunny,4,4,0.0,0
6,2024-06-17,27,23,Sunny,4,4,0.0,0
6,2024-06-18,29,17,Sunny,4,4,0.0,0
6,2024-06-19,48,19,Cloudy,4,4,0.0,0
6,2024-06-20,91,24,Rainy,4,4,0.0,0
6,2024-06-21,36,21,Sunny,4,4,0.0,0
6,2024-06-22,73,11,Cloudy,4,4,0.0,0
6,2024-06-23,47,11,Rainy,4,4,0.0,0
6,2024-06-24,110,22,Rainy,4,4,0.0,0
6,2024-06-25,67,24,Rainy,4,4,0.0,0
6,2024-06-26,56,9,Sunny,4,4,0.0,0
6,2024-06-27,25,6,Cloudy,4,4,0.0,0
6,2024-06-28,66,17,Sunny,4,4,0.0,0
6,2024-06-29,90,26,Rainy,4,4,0.0,0
6,2024-06-30,82,23,Rainy,4,4,0.0,0
6,2024-07-01,45,25,Rainy,13,6,0.0,0
6,2024-07-02,48,21,Rainy,13,6,0.0,0
6,2024-07-03,31,7,Sunny,13,6,0.0,0
6,2024-07-04,73,12,Cloudy,13,6,0.0,0
6,2024-07-05,68,18,Rainy,13,6,0.0,0
6,2024-07-06,34,17,Sunny,13,6,0.0,0
6,2024-07-07,72,27,Cloudy,13,6,0.0,0
6,2024-07-08,49,9,Sunny,13,6,0.0,0
6,2024-07-09,47,6,Rainy,13,6,0.0,0
6,2024-07-10,8,29,Sunny,13,6,0.0,0
6,2024-07-11,45,5,Rainy,13,6,0.0,0
6,2024-07-12,18,18,Cloudy,13,6,0.0,0
6,2024-07-13,31,22,Sunny,13,6,0.0,0
6,2024-07-14,36,11,Rainy,13,6,0.0,0
6,2024-07-15,67,27,Sunny,13,6,0.0,0
6,2024-07-16,48,27,Rainy,13,6,0.0,0
6,2024-07-17,74,26,Cloudy,13,6,0.0,0
6,2024-07-18,57,14,Rainy,13,6,0.0,0
6,2024-07-19,50,24,Rainy,13,6,0.0,0
6,2024-07-20,84,29,Cloudy,13,6,0.0,0
6,2024-07-21,62,29,Sunny,13,6,0.0,0
6,2024-07-22,40,18,Sunny,13,6,0.0,0
6,2024-07-23,69,15,Sunny,13,6,0.0,0
6,2024-07-24,39,27,Sunny,13,6,0.0,0
6,2024-07-25,35,14,Cloudy,13,6,0.0,0
6,2024-07-26,38,17,Cloudy,13,6,0.0,0
6,2024-07-27,85,19,Rainy,13,6,0.0,0
6,2024-07-28,51,21,Sunny,13,6,0.0,0
6,2024-07-29,39,23,Cloudy,13,6,0.0,0
6,2024-07-30,60,5,Sunny,13,6,0.0,0
6,2024-07-31,59,5,Rainy,13,6,0.0,0
6,2024-08-01,13,20,Sunny,11,6,0.0,0
6,2024-08-02,47,24,Sunny,11,6,0.0,0
6,2024-08-03,85,25,Rainy,11,6,0.0,0
6,2024-08-04,55,29,Rainy,11,6,0.0,0
6,2024-08-05,55,19,Rainy,11,6,0.0,0
6,2024-08-06,74,23,Cloudy,11,6,0.0,0
6,2024-08-07,35,6,Sunny,11,6,0.0,0
6,2024-08-08,64,22,Cloudy,11,6,0.0,0
6,2024-08-09,79,18,Rainy,11,6,0.0,0
6,2024-08-10,57,5,Rainy,11,6,0.0,0
6,2024-08-11,49,6,Sunny,11,6,0.0,0
6,2024-08-12,74,27,Sunny,11,6,0.0,0
6,2024-08-13,34,25,Cloudy,11,6,0.0,0
6,2024-08-14,41,12,Cloudy,11,6,0.0,0
6,2024-08-15,35,9,Rainy,11,6,0.0,0
6,2024-08-16,48,15,Sunny,11,6,0.0,0
6,2024-08-17,86,16,Cloudy,11,6,0.0,0
6,2024-08-18,39,6,Rainy,11,6,0.0,0
6,2024-08-19,18,29,Sunny,11,6,0.0,0
6,2024-08-20,57,21,Rainy,11,6,0.0,0
6,2024-08-21,44,15,Rainy,11,6,0.0,0
6,2024-08-22,55,25,Cloudy,11,6,0.0,0
6,2024-08-23,80,8,Sunny,11,6,0.0,0
6,2024-08-24,60,7,Sunny,11,6,0.0,0
6,2024-08-25,69,27,Cloudy,11,6,0.0,0
6,2024-08-26,58,21,Sunny,11,6,0.0,0
6,2024-08-27,44,18,Cloudy,11,6,0.0,0
6,2024-08-28,52,24,Rainy,11,6,0.0,0
6,2024-08-29,37,21,Rainy,11,6,0.0,0
6,2024-08-30,49,11,Rainy,11,6,0.0,0
6,2024-08-31,71,23,Sunny,11,6,0.0,0
6,2024-09-01,66,5,Sunny,17,3,0.0,0
6,2024-09-02,70,15,Rainy,17,3,0.0,0
6,2024-09-03,45,17,Rainy,17,3,0.0,0
6,2024-09-04,80,22,Rainy,17,3,0.0,0
6,2024-09-05,45,22,Rainy,17,3,0.0,0
6,2024-09-06,39,8,Cloudy,17,3,0.0,0
6,2024-09-07,33,19,Sunny,17,3,0.0,0
6,2024-09-08,76,15,Rainy,17,3,0.0,0
6,2024-09-09,43,21,Cloudy,17,3,0.0,0
6,2024-09-10,22,19,Sunny,17,3,0.0,0
6,2024-09-11,38,23,Cloudy,17,3,0.0,0
6,2024-09-12,62,24,Cloudy,17,3,0.0,0
6,2024-09-13,33,9,Sunny,17,3,0.0,0
6,2024-09-14,32,14,Sunny,17,3,0.0,0
6,2024-09-15,44,13,Sunny,17,3,0.0,0
6,2024-09-16,38,18,Cloudy,17,3,0.0,0
6,2024-09-17,42,22,Sunny,17,3,0.0,0
6,2024-09-18,39,23,Cloudy,17,3,0.0,0
6,2024-09-19,49,17,Rainy,17,3,0.0,0
6,2024-09-20,22,9,Rainy,17,3,0.0,0
6,2024-09-21,32,12,Cloudy,17,3,0.0,0
6,2024-09-22,33,8,Sunny,17,3,0.0,0
6,2024-09-23,34,11,Rainy,17,3,0.0,0
6,2024-09-24,23,24,Cloudy,17,3,0.0,0
6,2024-09-25,13,10,Rainy,17,3,0.0,0
6,2024-09-26,24,25,Cloudy,17,3,0.0,0
6,2024-09-27,29,25,Cloudy,17,3,0.0,0
6,2024-09-28,35,29,Sunny,17,3,0.0,0
6,2024-09-29,81,28,Rainy,17,3,0.0,0
6,2024-09-30,43,18,Cloudy,17,3,0.0,0
6,2024-10-01,40,27,Cloudy,8,11,0.0,0
6,2024-10-02,55,28,Sunny,8,11,0.0,0
6,2024-10-03,24,5,Rainy,8,11,0.0,0
6,2024-10-04,53,5,Cloudy,8,11,0.0,0
6,2024-10-05,57,26,Cloudy,8,11,0.0,0
6,2024-10-06,62,16,Cloudy,8,11,0.0,0
6,2024-10-07,78,21,Sunny,8,11,0.0,0
6,2024-10-08,70,26,Cloudy,8,11,0.0,0
6,2024-10-09,88,10,Rainy,8,11,0.0,0
6,2024-10-10,55,21,Sunny,8,11,0.0,0
6,2024-10-11,49,27,Cloudy,8,11,0.0,0
6,2024-10-12,69,11,Sunny,8,11,0.0,0
6,2024-10-13,39,13,Rainy,8,11,0.0,0
6,2024-10-14,56,6,Sunny,8,11,0.0,0
6,2024-10-15,28,14,Rainy,8,11,0.0,0
6,2024-10-16,92,10,Rainy,8,11,0.0,0
6,2024-10-17,40,18,Rainy,8,11,0.0,0
6,2024-10-18,53,28,Cloudy,8,11,0.0,0
6,2024-10-19,45,11,Sunny,8,11,0.0,0
6,2024-10-20,45,16,Rainy,8,11,0.0,0
6,2024-10-21,67,19,Sunny,8,11,0.0,0
6,2024-10-22,50,17,Sunny,8,11,0.0,0
6,2024-10-23,55,17,Rainy,8,11,0.0,0
6,2024-10-24,55,27,Rainy,8,11,0.0,0
6,2024-10-25,48,16,Sunny,8,11,0.0,0
6,2024-10-26,88,22,Rainy,8,11,0.0,0
6,2024-10-27,28,21,Sunny,8,11,0.0,0
6,2024-10-28,47,12,Cloudy,8,11,0.0,0
6,2024-10-29,58,25,Rainy,8,11,0.0,0
6,2024-10-30,40,29,Sunny,8,11,0.0,0
6,2024-10-31,32,27,Sunny,8,11,0.0,0
6,2024-11-01,3,29,Sunny,15,13,0.0,0
6,2024-11-02,24,15,Cloudy,15,13,0.0,0
6,2024-11-03,85,5,Cloudy,15,13,0.0,0
6,2024-11-04,69,20,Cloudy,15,13,0.0,0
6,2024-11-05,74,5,Cloudy,15,13,0.0,0
6,2024-11-06,71,28,Sunny,15,13,0.0,0
6,2024-11-07,42,15,Rainy,15,13,0.0,0
6,2024-11-08,28,27,Sunny,15,13,0.0,0
6,2024-11-09,50,23,Cloudy,15,13,0.0,0
6,2024-11-10,20,19,Rainy,15,13,0.0,0
6,2024-11-11,0,5,Rainy,15,13,0.0,0
6,2024-11-12,82,23,Rainy,15,13,0.0,0
6,2024-11-13,23,10,Rainy,15,13,0.0,0
6,2024-11-14,5,22,Rainy,15,13,0.0,0
6,2024-11-15,40,12,Cloudy,15,13,0.0,0
6,2024-11-16,49,7,Sunny,15,13,0.0,0
6,2024-11-17,72,13,Cloudy,15,13,0.0,0
6,2024-11-18,47,12,Rainy,15,13,0.0,0
6,2024-11-19,77,28,Sunny,15,13,0.0,0
6,2024-11-20,25,29,Cloudy,15,13,0.0,0
6,2024-11-21,39,10,Sunny,15,13,0.0,0
6,2024-11-22,61,7,Sunny,15,13,0.0,0
6,2024-11-23,44,24,Sunny,15,13,0.0,0
6,2024-11-24,76,7,Sunny,15,13,0.0,0
6,2024-11-25,34,7,Sunny,15,13,0.0,0
6,2024-11-26,41,29,Cloudy,15,13,0.0,0
6,2024-11-27,51,25,Rainy,15,13,0.0,0
6,2024-11-28,82,7,Cloudy,15,13,0.0,0
6,2024-11-29,66,8,Rainy,15,13,0.0,0
6,2024-11-30,69,24,Rainy,15,13,0.0,0
6,2024-12-01,52,12,Cloudy,15,11,0.0,0
6,2024-12-02,61,7,Cloudy,15,11,0.0,0
6,2024-12-03,29,22,Sunny,15,11,0.0,0
6,2024-12-04,19,15,Sunny,15,11,0.0,0
6,2024-12-05,50,18,Cloudy,15,11,0.0,0
6,2024-12-06,50,18,Rainy,15,11,0.0,0
6,2024-12-07,52,29,Cloudy,15,11,0.0,0
6,2024-12-08,41,22,Cloudy,15,11,0.0,0
6,2024-12-09,65,19,Sunny,15,11,0.0,0
6,2024-12-10,42,17,Rainy,15,11,0.0,0
6,2024-12-11,41,26,Cloudy,15,11,0.0,0
6,2024-12-12,60,25,Sunny,15,11,0.0,0
6,2024-12-13,48,7,Rainy,15,11,0.0,0
6,2024-12-14,33,27,Rainy,15,11,0.0,0
6,2024-12-15,0,13,Sunny,15,11,0.0,0
6,2024-12-16,14,13,Sunny,15,11,0.0,0
6,2024-12-17,51,29,Sunny,15,11,0.0,0
6,2024-12-18,25,11,Rainy,15,11,0.0,0
6,2024-12-19,29,20,Cloudy,15,11,0.0,0
6,2024-12-20,66,10,Sunny,15,11,0.0,0
6,2024-12-21,56,19,Rainy,15,11,0.0,0
6,2024-12-22,61,18,Sunny,15,11,0.0,0
6,2024-12-23,30,22,Rainy,15,11,0.0,0
6,2024-12-24,64,6,Rainy,15,11,0.0,0
6,2024-12-25,72,17,Cloudy,15,11,0.0,0
6,2024-12-26,87,22,Cloudy,15,11,0.0,0
6,2024-12-27,46,17,Sunny,15,11,0.0,0
6,2024-12-28,79,10,Rainy,15,11,0.0,0
6,2024-12-29,70,25,Sunny,15,11,0.0,0
6,2024-12-30,76,24,Rainy,15,11,0.0,0
6,2024-12-31,66,23,Rainy,15,11,0.0,0
6,2025-01-01,53,6,Rainy,15,10,0.0,0
6,2025-01-02,68,21,Rainy,15,10,0.0,0
